Make,Model,Year,PRA No.,,Issue,Description
Audi,A3 (8P),2005,2018/16949,,AirBag,
Audi,A3 (8P),2006,2018/16949,,AirBag,
Audi,A3 (8P),2007,2018/16949,,AirBag,
Audi,A3 (8P),2008,2018/16949,,AirBag,
Audi,A3 (8P),2009,2018/16949,,AirBag,
Audi,A3 (8P),2010,2018/16949,,AirBag,
Audi,A3 (8P),2011,2018/16949,,AirBag,
Audi,A3 (8P),2012,2018/16949,,AirBag,
Audi,A3 (8P),2013,2018/16949,,AirBag,
Audi,A4 Cabriolet (8H),2005,2018/16949,,AirBag,
Audi,A4 Cabriolet (8H),2006,2018/16949,,AirBag,
Audi,A4 Cabriolet (8H),2007,2018/16949,,AirBag,
Audi,A4 Cabriolet (8H),2008,2018/16949,,AirBag,
Audi,A4 Cabriolet (8H),2009,2018/16949,,AirBag,
Audi,A4 Cabriolet (8H),2010,2018/16949,,AirBag,
Audi,A4 Cabriolet (8H),2011,2018/16949,,AirBag,
Audi,A4 Cabriolet (8H),2012,2018/16949,,AirBag,
Audi,A4 Cabriolet (8H),2013,2018/16949,,AirBag,
Audi,A5 (8T),2005,2018/16949,,AirBag,
Audi,A5 (8T),2006,2018/16949,,AirBag,
Audi,A5 (8T),2007,2018/16949,,AirBag,
Audi,A5 (8T),2008,2018/16949,,AirBag,
Audi,A5 (8T),2009,2018/16949,,AirBag,
Audi,A5 (8T),2010,2018/16949,,AirBag,
Audi,A5 (8T),2011,2018/16949,,AirBag,
Audi,A5 (8T),2012,2018/16949,,AirBag,
Audi,A5 (8T),2013,2018/16949,,AirBag,
Audi,A5 Cabriolet (8F),2005,2018/16949,,AirBag,
Audi,A5 Cabriolet (8F),2006,2018/16949,,AirBag,
Audi,A5 Cabriolet (8F),2007,2018/16949,,AirBag,
Audi,A5 Cabriolet (8F),2008,2018/16949,,AirBag,
Audi,A5 Cabriolet (8F),2009,2018/16949,,AirBag,
Audi,A5 Cabriolet (8F),2010,2018/16949,,AirBag,
Audi,A5 Cabriolet (8F),2011,2018/16949,,AirBag,
Audi,A5 Cabriolet (8F),2012,2018/16949,,AirBag,
Audi ,A5 Cabriolet (8F),2013,2018/16949,,AirBag,
Audi ,Q5 (8R),2005,2018/16949,,AirBag,
Audi,Q5 (8R),2006,2018/16949,,AirBag,
Audi ,Q5 (8R),2007,2018/16949,,AirBag,
Audi ,Q5 (8R),2008,2018/16949,,AirBag,
Audi ,Q5 (8R),2009,2018/16949,,AirBag,
Audi ,Q5 (8R),2010,2018/16949,,AirBag,
Audi ,Q5 (8R),2011,2018/16949,,AirBag,
Audi ,Q5 (8R),2012,2018/16949,,AirBag,
Audi ,Q5 (8R),2013,2018/16949,,AirBag,
Audi,TT (FV),2014,2018/17035,,AirBag,
Audi,TT (FV),2015,2018/17035,,AirBag,
Audi,TT (FV),2016,2018/17035,,AirBag,
Audi,TT (FV),2017,2018/17035,,AirBag,
Audi,R8 (4S),2014,2018/17035,,AirBag,
Audi,R8 (4S),2015,2018/17035,,AirBag,
Audi,R8 (4S),2016,2018/17035,,AirBag,
Audi,R8 (4S),2017,2018/17035,,AirBag,
Audi ,A4 (8E),2005,2018/17210,,AirBag,
Audi,A4 (8E),2006,2018/17210,,AirBag,
Audi,A4 (8E),2007,2018/17210,,AirBag,
Audi,A4 (8E),2008,2018/17210,,AirBag,
Audi,A4 (8E),2009,2018/17210,,AirBag,
Audi,A4 (8E),2010,2018/17210,,AirBag,
Audi ,A4 (8E),2011,2018/17210,,AirBag,
Audi,A6 (4F),2005,2018/17210,,AirBag,
Audi,A6 (4F),2006,2018/17210,,AirBag,
Audi,A6 (4F),2007,2018/17210,,AirBag,
Audi,A6 (4F),2008,2018/17210,,AirBag,
Audi,A6 (4F),2009,2018/17210,,AirBag,
Audi,A6 (4F),2010,2018/17210,,AirBag,
Audi,A6 (4F),2011,2018/17210,,AirBag,
BMW,3 Series E46,1999,"2013/13575, 2019/17279",,AirBag,
BMW,3 Series E46,2000,"2013/13575, 2017/15881, 2019/17279",,AirBag,
BMW,3 Series E46,2001,"2013/13575, 2016/15581, 2017/15881, 2019/17279",,AirBag,
BMW,3 Series E46,2002,"2013/13575, 2016/15581, 2017/15881, 2019/17279",,AirBag,
BMW,3 Series E46,2003,"2013/13575, 2016/15581, 2017/15881, 2019/17279",,AirBag,
BMW,3 Series E46,2004,"2013/13575, 2016/15581, 2017/15881, 2019/17279",,AirBag,
BMW,3 Series E46,2005,"2013/13575, 2016/15581, 2019/17279",,AirBag,
BMW,3 Series E46,2006,"2013/13575, 2016/15581, 2019/17279",,AirBag,
BMW,5 Series E39,2000,"2017/15881, 2019/17335",,AirBag,
BMW,5 Series E39,2001,"2016/15581, 2017/15881, 2019/17335",,AirBag,
BMW,5 Series E39,2002,"2016/15581, 2017/15881, 2019/17335",,AirBag,
BMW,5 Series E39,2003,"2016/15581, 2017/15881, 2019/17335",,AirBag,
BMW,5 Series E39,2004,"2016/15581, 2017/15881",,AirBag,
BMW,5 Series E39,2005,2016/15581,,AirBag,
BMW,5 Series E39,2006,2016/15581,,AirBag,
BMW,X5 E53,2000,"2017/15881, 2019/17335",,AirBag,
BMW,X5 E53,2001,"2016/15581, 2017/15881, 2019/17335",,AirBag,
BMW,X5 E53,2002,"2016/15581, 2017/15881, 2019/17335",,AirBag,
BMW,X5 E53,2003,"2016/15581, 2017/15881, 2019/17335",,AirBag,
BMW,X5 E53,2004,"2016/15581, 2017/15881",,AirBag,
BMW,X5 E53,2005,2016/15581,,AirBag,
BMW,X5 E53,2006,2016/15581,,AirBag,
BMW,E70 X5,2007,"2017/16230, 2017/16298",,AirBag,
BMW,E70 X5,2008,"2017/16230, 2017/16298",,AirBag,
BMW,E70 X5,2009,"2017/16230, 2017/16298",,AirBag,
BMW,E70 X5,2010,"2017/16230, 2017/16298",,AirBag,
BMW,E70 X5,2011,"2017/16230, 2017/16298",,AirBag,
BMW,E70 X5,2012,"2017/16230, 2017/16298",,AirBag,
BMW,E70 X5,2013,2018/16566,,AirBag,
BMW,E71 X6,2007,"2017/16230, 2017/16298",,AirBag,
BMW,E71 X6,2008,"2017/16230, 2017/16298",,AirBag,
BMW,E71 X6,2009,"2017/16230, 2017/16298",,AirBag,
BMW,E71 X6,2010,"2017/16230, 2017/16298",,AirBag,
BMW,E71 X6,2011,"2017/16230, 2017/16298",,AirBag,
BMW,E71 X6,2012,"2017/16230, 2017/16298",,AirBag,
BMW,E71 X6,2013,2018/16566,,AirBag,
BMW,1 Series E81,2004,2018/16809,,AirBag,
BMW,1 Series E81,2005,2018/16809,,AirBag,
BMW,1 Series E81,2006,2018/16809,,AirBag,
BMW,1 Series E81,2007,2018/16809,,AirBag,
BMW,1 Series E81,2008,2018/16809,,AirBag,
BMW,1 Series E81,2009,2018/16809,,AirBag,
BMW,1 Series E81,2010,2018/16809,,AirBag,
BMW,1 Series E81,2011,2018/16809,,AirBag,
BMW,1 Series E81,2012,2018/16809,,AirBag,
BMW,1 Series E81,2013,2018/16809,,AirBag,
BMW,1 Series E81,2014,2018/16809,,AirBag,
BMW,1 Series E82,2004,2018/16809,,AirBag,
BMW,1 Series E82,2005,2018/16809,,AirBag,
BMW,1 Series E82,2006,2018/16809,,AirBag,
BMW,1 Series E82,2007,2018/16809,,AirBag,
BMW,1 Series E82,2008,2018/16809,,AirBag,
BMW,1 Series E82,2009,2018/16809,,AirBag,
BMW,1 Series E82,2010,2018/16809,,AirBag,
BMW,1 Series E82,2011,2018/16809,,AirBag,
BMW,1 Series E82,2012,2018/16809,,AirBag,
BMW,1 Series E82,2013,2018/16809,,AirBag,
BMW,1 Series E82,2014,2018/16809,,AirBag,
BMW,1 Series E87,2004,2018/16809,,AirBag,
BMW,1 Series E87,2005,2018/16809,,AirBag,
BMW,1 Series E87,2006,2018/16809,,AirBag,
BMW,1 Series E87,2007,2018/16809,,AirBag,
BMW,1 Series E87,2008,2018/16809,,AirBag,
BMW,1 Series E87,2009,2018/16809,,AirBag,
BMW,1 Series E87,2010,2018/16809,,AirBag,
BMW,1 Series E87,2011,2018/16809,,AirBag,
BMW,1 Series E87,2012,2018/16809,,AirBag,
BMW,1 Series E87,2013,2018/16809,,AirBag,
BMW,1 Series E87,2014,2018/16809,,AirBag,
BMW,1 Series E88,2004,2018/16809,,AirBag,
BMW,1 Series E88,2005,2018/16809,,AirBag,
BMW,1 Series E88,2006,2018/16809,,AirBag,
BMW,1 Series E88,2007,2018/16809,,AirBag,
BMW,1 Series E88,2008,2018/16809,,AirBag,
BMW,1 Series E88,2009,2018/16809,,AirBag,
BMW,1 Series E88,2010,2018/16809,,AirBag,
BMW,1 Series E88,2011,2018/16809,,AirBag,
BMW,1 Series E88,2012,2018/16809,,AirBag,
BMW,1 Series E88,2013,2018/16809,,AirBag,
BMW,1 Series E88,2014,2018/16809,,AirBag,
BMW,3 Series E90,2004,2018/16809,,AirBag,
BMW,3 Series E90,2005,2018/16809,,AirBag,
BMW,3 Series E90,2006,2018/16809,,AirBag,
BMW,3 Series E90,2007,2018/16809,,AirBag,
BMW,3 Series E90,2008,2018/16809,,AirBag,
BMW,3 Series E90,2009,2018/16809,,AirBag,
BMW,3 Series E90,2010,2018/16809,,AirBag,
BMW,3 Series E90,2011,2018/16809,,AirBag,
BMW,3 Series E90,2012,2018/16809,,AirBag,
BMW,3 Series E90,2013,2018/16809,,AirBag,
BMW,3 Series E90,2014,2018/16809,,AirBag,
BMW,3 Series E90,2015,2018/16809,,AirBag,
BMW,3 Series E91,2004,2018/16809,,AirBag,
BMW,3 Series E91,2005,2018/16809,,AirBag,
BMW,3 Series E91,2006,2018/16809,,AirBag,
BMW,3 Series E91,2007,2018/16809,,AirBag,
BMW,3 Series E91,2008,2018/16809,,AirBag,
BMW,3 Series E91,2009,2018/16809,,AirBag,
BMW,3 Series E91,2010,2018/16809,,AirBag,
BMW,3 Series E91,2011,2018/16809,,AirBag,
BMW,3 Series E91,2012,2018/16809,,AirBag,
BMW,3 Series E91,2013,2018/16809,,AirBag,
BMW,3 Series E91,2014,2018/16809,,AirBag,
BMW,3 Series E91,2015,2018/16809,,AirBag,
BMW,3 Series E92,2004,2018/16809,,AirBag,
BMW,3 Series E92,2005,2018/16809,,AirBag,
BMW,3 Series E92,2006,2018/16809,,AirBag,
BMW,3 Series E92,2007,2018/16809,,AirBag,
BMW,3 Series E92,2008,2018/16809,,AirBag,
BMW,3 Series E92,2009,2018/16809,,AirBag,
BMW,3 Series E92,2010,2018/16809,,AirBag,
BMW,3 Series E92,2011,2018/16809,,AirBag,
BMW,3 Series E92,2012,2018/16809,,AirBag,
BMW,3 Series E92,2013,2018/16809,,AirBag,
BMW,3 Series E92,2014,2018/16809,,AirBag,
BMW,3 Series E92,2015,2018/16809,,AirBag,
BMW,3 Series E93,2004,2018/16809,,AirBag,
BMW,3 Series E93,2005,2018/16809,,AirBag,
BMW,3 Series E93,2006,2018/16809,,AirBag,
BMW,3 Series E93,2007,2018/16809,,AirBag,
BMW,3 Series E93,2008,2018/16809,,AirBag,
BMW,3 Series E93,2009,2018/16809,,AirBag,
BMW,3 Series E93,2010,2018/16809,,AirBag,
BMW,3 Series E93,2011,2018/16809,,AirBag,
BMW,3 Series E93,2012,2018/16809,,AirBag,
BMW,3 Series E93,2013,2018/16809,,AirBag,
BMW,3 Series E93,2014,2018/16809,,AirBag,
BMW,3 Series E93,2015,2018/16809,,AirBag,
BMW,E83 X3,2004,"2018/16809, 2018/16822",,AirBag,
BMW,E83 X3,2005,"2018/16809, 2018/16822",,AirBag,
BMW,E83 X3,2006,"2018/16809, 2018/16822",,AirBag,
BMW,E83 X3,2007,"2018/16809, 2018/16822",,AirBag,
BMW,E83 X3,2008,2018/16809,,AirBag,
BMW,E83 X3,2009,2018/16809,,AirBag,
BMW,E83 X3,2010,2018/16809,,AirBag,
BMW,E83 X3,2011,2018/16809,,AirBag,
BMW,E83 X3,2012,2018/16809,,AirBag,
BMW,E83 X3,2013,2018/16809,,AirBag,
BMW,E83 X3,2014,2018/16809,,AirBag,
BMW,E83 X3,2015,2018/16809,,AirBag,
BMW,"1 Series (F20, F21)",2012,2018/17191,,AirBag,
BMW,"1 Series (F20, F21)",2013,2018/17191,,AirBag,
BMW,"1 Series (F20, F21)",2014,2018/17191,,AirBag,
BMW,"1 Series (F20, F21)",2015,2018/17191,,AirBag,
BMW,"1 Series (F20, F21)",2016,2018/17191,,AirBag,
BMW,"1 Series (F20, F21)",2017,2018/17191,,AirBag,
BMW,"2 Series (F22, F23, F45, F46)",2012,2018/17191,,AirBag,
BMW,"2 Series (F22, F23, F45, F46)",2013,2018/17191,,AirBag,
BMW,"2 Series (F22, F23, F45, F46)",2014,2018/17191,,AirBag,
BMW,"2 Series (F22, F23, F45, F46)",2015,2018/17191,,AirBag,
BMW,"2 Series (F22, F23, F45, F46)",2016,2018/17191,,AirBag,
BMW,"2 Series (F22, F23, F45, F46)",2017,2018/17191,,AirBag,
BMW,"3 Series (F30, F31, F34)",2012,2018/17191,,AirBag,
BMW,"3 Series (F30, F31, F34)",2013,2018/17191,,AirBag,
BMW,"3 Series (F30, F31, F34)",2014,2018/17191,,AirBag,
BMW,"3 Series (F30, F31, F34)",2015,2018/17191,,AirBag,
BMW,"3 Series (F30, F31, F34)",2016,2018/17191,,AirBag,
BMW,"3 Series (F30, F31, F34)",2017,2018/17191,,AirBag,
BMW,"4 Series (F32, F33, F36)",2012,2018/17191,,AirBag,
BMW,"4 Series (F32, F33, F36)",2013,2018/17191,,AirBag,
BMW,"4 Series (F32, F33, F36)",2014,2018/17191,,AirBag,
BMW,"4 Series (F32, F33, F36)",2015,2018/17191,,AirBag,
BMW,"4 Series (F32, F33, F36)",2016,2018/17191,,AirBag,
BMW,"4 Series (F32, F33, F36)",2017,2018/17191,,AirBag,
BMW,"5 Series (F07, F10, F11)",2012,2018/17191,,AirBag,
BMW,"5 Series (F07, F10, F11)",2013,2018/17191,,AirBag,
BMW,"5 Series (F07, F10, F11)",2014,2018/17191,,AirBag,
BMW,"5 Series (F07, F10, F11)",2015,2018/17191,,AirBag,
BMW,"5 Series (F07, F10, F11)",2016,2018/17191,,AirBag,
BMW,"5 Series (F07, F10, F11)",2017,2018/17191,,AirBag,
BMW,"6 Series (F06, F12, F13)",2012,2018/17191,,AirBag,
BMW,"6 Series (F06, F12, F13)",2013,2018/17191,,AirBag,
BMW,"6 Series (F06, F12, F13)",2014,2018/17191,,AirBag,
BMW,"6 Series (F06, F12, F13)",2015,2018/17191,,AirBag,
BMW,"6 Series (F06, F12, F13)",2016,2018/17191,,AirBag,
BMW,"6 Series (F06, F12, F13)",2017,2018/17191,,AirBag,
Cadillac,Escalade,2007,2018/16810,,AirBag,
Cadillac,Escalade,2008,2018/16810,,AirBag,
Cadillac,Escalade,2009,2018/16810,,AirBag,
Cadillac,Escalade,2010,2018/16810,,AirBag,
Cadillac,Escalade,2011,2018/16810,,AirBag,
Cadillac,Escalade,2012,2018/16810,,AirBag,
Cadillac,Escalade,2013,2018/16810,,AirBag,
Cadillac,Escalade,2014,2018/16810,,AirBag,
Chrysler,300 (LE/LX),2005,"2015/14742, 2016/15516",,AirBag,
Chrysler,300 (LE/LX),2006,"2015/14742, 2016/15516",,AirBag,
Chrysler,300 (LE/LX),2007,"2015/14742, 2016/15516",,AirBag,
Chrysler,300 (LE/LX),2008,"2015/14742, 2016/15516",,AirBag,
Chrysler,300 (LE/LX),2009,"2015/14742, 2016/15516",,AirBag,
Chrysler,300 (LE/LX),2010,"2015/14742, 2016/15516",,AirBag,
Chrysler,300 (LE/LX),2011,2016/15516,,AirBag,
Chrysler,300 (LE/LX),2012,2016/15516,,AirBag,
Chrysler,300 (LE/LX),2013,2018/16617,,AirBag,
Chrysler,300 LX,2014,2018/16702,,AirBag,
Chrysler,300 LX,2015,2018/16702,,AirBag,
Chrysler,300 C,2005,2015/14742,,AirBag,
Chrysler,300 C,2006,2015/14742,,AirBag,
Chrysler,300 C,2007,2015/14742,,AirBag,
Chrysler,300 C,2008,2015/14742,,AirBag,
Chrysler,300 C,2009,2015/14742,,AirBag,
Chrysler,300 C,2010,2015/14742,,AirBag,
Chrysler,300 C,2013,2018/16617,,AirBag,
Citroen,C3 (A5 Series),2009,2018/16878,,AirBag,
Citroen,C3 (A5 Series),2010,2018/16878,,AirBag,
Citroen,C3 (A5 Series),2011,2018/16878,,AirBag,
Citroen,C3 (A5 Series),2012,2018/16878,,AirBag,
Citroen,C3 (A5 Series),2013,2018/16878,,AirBag,
Citroen,C3 (A5 Series),2014,2018/16878,,AirBag,
Citroen,C3 (A5 Series),2015,2018/16878,,AirBag,
Citroen,C3 (A5 Series),2016,2018/16878,,AirBag,
Citroen,C4 (B7 Series),2009,2018/16878,,AirBag,
Citroen,C4 (B7 Series),2010,2018/16878,,AirBag,
Citroen,C4 (B7 Series),2011,2018/16878,,AirBag,
Citroen,C4 (B7 Series),2012,2018/16878,,AirBag,
Citroen,C4 (B7 Series),2013,2018/16878,,AirBag,
Citroen,C4 (B7 Series),2014,2018/16878,,AirBag,
Citroen,C4 (B7 Series),2015,2018/16878,,AirBag,
Citroen,C4 (B7 Series),2016,2018/16878,,AirBag,
Citroen,DS3,2009,2018/16878,,AirBag,
Citroen,DS3,2010,2018/16878,,AirBag,
Citroen,DS3,2011,2018/16878,,AirBag,
Citroen,DS3,2012,2018/16878,,AirBag,
Citroen,DS3,2013,2018/16878,,AirBag,
Citroen,DS3,2014,2018/16878,,AirBag,
Citroen,DS3,2015,2018/16878,,AirBag,
Citroen,DS3,2016,2018/16878,,AirBag,
Citroen,DS4,2009,2018/16878,,AirBag,
Citroen,DS4,2010,2018/16878,,AirBag,
Citroen,DS4,2011,2018/16878,,AirBag,
Citroen,DS4,2012,2018/16878,,AirBag,
Citroen,DS4,2013,2018/16878,,AirBag,
Citroen,DS4,2014,2018/16878,,AirBag,
Citroen,DS4,2015,2018/16878,,AirBag,
Citroen,DS4,2016,2018/16878,,AirBag,
Citroen,DS5,2009,2018/16878,,AirBag,
Citroen,DS5,2010,2018/16878,,AirBag,
Citroen,DS5,2011,2018/16878,,AirBag,
Citroen,DS5,2012,2018/16878,,AirBag,
Citroen,DS5,2013,2018/16878,,AirBag,
Citroen,DS5,2014,2018/16878,,AirBag,
Citroen,DS5,2015,2018/16878,,AirBag,
Citroen,DS5,2016,2018/16878,,AirBag,
Dodge,RAM,2004,"2016/15516, 2019/17690",,AirBag,
Dodge,RAM,2005,"2016/15516, 2019/17690",,AirBag,
Dodge,RAM,2006,"2016/15516, 2019/17690",,AirBag,
Dodge,RAM,2007,"2016/15516, 2019/17690",,AirBag,
Dodge,RAM,2008,"2016/15516, 2019/17690",,AirBag,
Dodge,RAM,2009,"2016/15516, 2019/17690",,AirBag,
Dodge,RAM,2010,2016/15516,,AirBag,
Ferrari,,,MUNA ferrari please lol (confusing)...,,AirBag,
Ford,Courier,2004,2018/16645,,AirBag,
Ford,Courier,2005,2018/16645,,AirBag,
Ford,Courier,2006,2018/16645,,AirBag,
Ford,Econovan,2004,2018/16645,,AirBag,
Ford,Econovan,2005,2018/16645,,AirBag,
Ford,Ranger,2006,2018/16645,,AirBag,
Ford,Ranger,2007,2018/16645,,AirBag,
Ford,Ranger,2008,2018/16645,,AirBag,
Ford,Ranger,2009,2018/16645,,AirBag,
Ford,Ranger,2010,2018/16645,,AirBag,
Ford,Ranger,2011,2018/16645,,AirBag,
Ford,Mondeo MA,2007,2018/17077,,AirBag,
Ford,Mondeo MA,2008,2018/17077,,AirBag,
Ford,Mondeo MA,2009,2018/17077,,AirBag,
Ford,Mondeo MA,2014,2018/17077,,AirBag,
Ford,Mondeo MA,2015,2018/17077,,AirBag,
Ford,Mondeo MA,2016,2018/17077,,AirBag,
Ford,Mondeo MA,2017,2018/17077,,AirBag,
Ford,Mondeo MB,2007,2018/17077,,AirBag,
Ford,Mondeo MB,2008,2018/17077,,AirBag,
Ford,Mondeo MB,2009,2018/17077,,AirBag,
Ford,Mondeo MB,2014,2018/17077,,AirBag,
Ford,Mondeo MB,2015,2018/17077,,AirBag,
Ford,Mondeo MB,2016,2018/17077,,AirBag,
Ford,Mondeo MB,2017,2018/17077,,AirBag,
Ford,Mondeo MD,2007,2018/17077,,AirBag,
Ford,Mondeo MD,2008,2018/17077,,AirBag,
Ford,Mondeo MD,2009,2018/17077,,AirBag,
Ford,Mondeo MD,2014,2018/17077,,AirBag,
Ford,Mondeo MD,2015,2018/17077,,AirBag,
Ford,Mondeo MD,2016,2018/17077,,AirBag,
Ford,Mondeo MD,2017,2018/17077,,AirBag,
Ford,Mustang,2005,"2018/16741, 2019/17566",,AirBag,
Ford,Mustang,2006,"2015/14924, 2017/16339, 2018/16741, 2019/17566",,AirBag,
Ford,Mustang,2007,"2015/14924, 2017/16339, 2018/16741, 2019/17566",,AirBag,
Ford,Mustang,2008,"2015/14924, 2017/16339, 2018/16741, 2019/17566",,AirBag,
Ford,Mustang,2009,"2015/14924, 2017/16339, 2018/16741, 2019/17566",,AirBag,
Ford,Mustang,2010,"2015/14924, 2017/16339, 2018/16741, 2019/17566",,AirBag,
Ford,Mustang,2011,"2015/14924, 2017/16339, 2018/16741, 2019/17566",,AirBag,
Ford,Mustang,2012,"2015/14924, 2017/16339, 2018/16741, 2019/17566",,AirBag,
Ford,Mustang,2013,"2015/14924, 2017/16339, 2018/16741, 2019/17566",,AirBag,
Ford,Mustang,2014,"2015/14924, 2017/16339, 2018/16741, 2019/17566",,AirBag,
Ford,GT,2005,"2018/16741, 2019/17566",,AirBag,
Ford,GT,2006,"2018/16741, 2019/17566",,AirBag,
Ford,GT,2007,"2018/16741, 2019/17566",,AirBag,
Ford,GT,2008,"2018/16741, 2019/17566",,AirBag,
Ford,GT,2009,"2018/16741, 2019/17566",,AirBag,
Ford,GT,2010,"2018/16741, 2019/17566",,AirBag,
Ford,GT,2011,"2018/16741, 2019/17566",,AirBag,
Ford,GT,2012,"2018/16741, 2019/17566",,AirBag,
Ford,GT,2013,"2018/16741, 2019/17566",,AirBag,
Ford,GT,2014,"2018/16741, 2019/17566",,AirBag,
,,,,,,
GMC,Silverado,2007,"2018/16697, 2019/17743",,AirBag,
GMC,Silverado,2008,"2018/16697, 2019/17743",,AirBag,
GMC,Sierra,2007,"2018/16697, 2019/17743",,AirBag,
GMC,Sierra,2008,"2018/16697, 2019/17743",,AirBag,
,,,,,,
Holden,SAAB 9-3,2006,2018/16729,,AirBag,
Holden,SAAB 9-3,2007,2018/16729,,AirBag,
Holden,SAAB 9-3,2008,2018/16729,,AirBag,
Holden,SAAB 9-3,2009,2018/16729,,AirBag,
Holden,SAAB 9-3,2010,2018/16729,,AirBag,
Holden,SAAB 9-3,2011,2018/16729,,AirBag,
Holden,SAAB 9-5,2006,2018/16729,,AirBag,
Holden,SAAB 9-5,2007,2018/16729,,AirBag,
Holden,SAAB 9-5,2008,2018/16729,,AirBag,
Holden,SAAB 9-5,2009,2018/16729,,AirBag,
Holden,SAAB 9-5,2010,2018/16729,,AirBag,
Holden,SAAB 9-5,2011,2018/16729,,AirBag,
Holden,Opel Astra,2012,2018/16957,,AirBag,
Holden,Opel Astra,2013,2018/16957,,AirBag,
Holden,Opel Astra,2014,2018/16957,,AirBag,
Holden,Opel Astra,2015,2018/16957,,AirBag,
Holden,Opel Astra,2016,2018/16957,,AirBag,
Holden,Opel Astra,2017,2018/16957,,AirBag,
Holden,Astra,2012,2018/16957,,AirBag,
Holden,Astra,2013,2018/16957,,AirBag,
Holden,Astra,2014,2018/16957,,AirBag,
Holden,Astra,2015,2018/16957,,AirBag,
Holden,Astra,2016,2018/16957,,AirBag,
Holden,Astra,2017,2018/16957,,AirBag,
Holden,Opel Cascada,2012,2018/16957,,AirBag,
Holden,Opel Cascada,2013,2018/16957,,AirBag,
Holden,Opel Cascada,2014,2018/16957,,AirBag,
Holden,Opel Cascada,2015,2018/16957,,AirBag,
Holden,Opel Cascada,2016,2018/16957,,AirBag,
Holden,Opel Cascada,2017,2018/16957,,AirBag,
Holden,Opel Zafira,2012,2018/16957,,AirBag,
Holden,Opel Zafira,2013,2018/16957,,AirBag,
Holden,Opel Zafira,2014,2018/16957,,AirBag,
Holden,Opel Zafira,2015,2018/16957,,AirBag,
Holden,Opel Zafira,2016,2018/16957,,AirBag,
Holden,Opel Zafira,2017,2018/16957,,AirBag,
Holden,Cruze,2010,2018/16856,,AirBag,
Holden,Cruze,2011,2018/16856,,AirBag,
Holden,Cruze,2012,2018/16856,,AirBag,
Holden,Cruze,2013,2018/16856,,AirBag,
Holden,Cruze,2014,2018/16856,,AirBag,
Holden,Cruze,2015,2018/16856,,AirBag,
Holden,Cruze,2016,2018/16856,,AirBag,
Holden,Cruze,2017,2018/16856,,AirBag,
Holden,Cruze,2018,2018/16856,,AirBag,
Holden,Trax,2010,2018/16856,,AirBag,
Holden,Trax,2011,2018/16856,,AirBag,
Holden,Trax,2012,2018/16856,,AirBag,
Holden,Trax,2013,2018/16856,,AirBag,
Holden,Trax,2014,2018/16856,,AirBag,
Holden,Trax,2015,2018/16856,,AirBag,
Holden,Trax,2016,2018/16856,,AirBag,
Holden,Trax,2017,2018/16856,,AirBag,
Holden,Trax,2018,2018/16856,,AirBag,
Holden,Barina,2010,2018/16856,,AirBag,
Holden,Barina,2011,2018/16856,,AirBag,
Holden,Barina,2012,2018/16856,,AirBag,
Holden,Barina,2013,2018/16856,,AirBag,
Holden,Barina,2014,2018/16856,,AirBag,
Holden,Barina,2015,2018/16856,,AirBag,
Holden,Barina,2016,2018/16856,,AirBag,
Holden,Barina,2017,2018/16856,,AirBag,
Holden,Barina,2018,2018/16856,,AirBag,
Holden,AH Astra,2005,2019/17363,,AirBag,
Holden,AH Astra,2006,2019/17363,,AirBag,
Holden,AH Astra,2007,2019/17363,,AirBag,
Holden,AH Astra,2008,2019/17363,,AirBag,
Holden,AH Astra,2009,"2019/17363, 2019/17364",,AirBag,
Holden,AH Astra Convertible,2005,2019/17363,,AirBag,
Holden,AH Astra Convertible,2006,2019/17363,,AirBag,
Holden,AH Astra Convertible,2007,2019/17363,,AirBag,
Holden,AH Astra Convertible,2008,2019/17363,,AirBag,
Holden,AH Astra Convertible,2009,2019/17363,,AirBag,
Holden,HSV Astra VXR,2006,2019/17363,,AirBag,
Holden,HSV Astra VXR,2007,2019/17363,,AirBag,
Holden,HSV Astra VXR,2008,2019/17363,,AirBag,
Holden,HSV Astra VXR,2009,"2019/17363, 2019/17364",,AirBag,
,,,,,,
Honda,Accord,2001,"2009/10969, 2011/12633, 2013/13549, 2015/14737, 2019/17450",,AirBag,
Honda,Accord,2002,"2009/10969, 2011/12633, 2013/13549, 2015/14737, 2019/17450, 2019/17662",,AirBag,
Honda,Accord,2003,"2013/13549, 2015/14737, 2016/15495, 2019/17450, 2019/17659",,AirBag,
Honda,Accord,2004,"2015/14737, 2016/15495, 2019/17450",,AirBag,
Honda,Accord,2005,"2015/14737, 2016/15495, 2019/17450, 2019/17662",,AirBag,
Honda,Accord,2006,"2015/14737, 2016/15494, 2016/15495, 2019/17450, 2019/17662",,AirBag,
Honda,Accord,2007,"2015/14737, 2016/15494, 2016/15495, 2019/17450, 2019/17662",,AirBag,
Honda,Accord,2008,"2016/15494, 2016/15495, 2019/17660",,AirBag,
Honda,Accord,2009,"2016/15494, 2016/15495, 2019/17660",,AirBag,
Honda,Accord,2010,"2016/15494, 2016/15495, 2019/17660",,AirBag,
Honda,Accord,2011,"2016/15494, 2016/15495",,AirBag,
Honda,Accord,2012,2017/15859,,AirBag,
Honda,CR-V,2001,"2009/10969, 2013/13549",,AirBag,
Honda,CR-V,2002,"2009/10969, 2013/13549, 2015/14703, 2019/17658",,AirBag,
Honda,CR-V,2003,"2013/13549, 2014/14498, 2015/14703, 2019/17658",,AirBag,
Honda,CR-V,2004,"2019/17661, 2014/14498, 2015/14703, 2019/17658",,AirBag,
Honda,CR-V,2005,"2015/14702, 2015/14703, 2019/17658, 2019/17661",,AirBag,
Honda,CR-V,2006,"2015/14702, 2015/14703, 2015/14819, 2019/17658, 2019/17661",,AirBag,
Honda,CR-V,2007,"2015/14702, 2015/14703, 2015/14819, 2016/15496, 2019/17661",,AirBag,
Honda,CR-V,2008,"2015/14703, 2015/14819, 2016/15496, 2019/17658, 2019/17661",,AirBag,
Honda,CR-V,2009,"2015/14703, 2015/14819, 2016/15496, 2019/17658, 2019/17661",,AirBag,
Honda,CR-V,2010,"2015/14819, 2016/15496, 2019/17661",,AirBag,
Honda,CR-V,2011,"2015/14819, 2016/15197, 2016/15496, 2019/17661",,AirBag,
Honda,CR-V,2012,"2015/14819, 2016/15197, 2019/17661",,AirBag,
Honda,CR-V,2013,"2016/15197, 2019/17661",,AirBag,
Honda,CR-V,2014,2016/15197,,AirBag,
Honda,Civic,2001,"2010/11785, 2013/13549, 2017/15860, 2019/17658",,AirBag,
Honda,Civic,2002,"2013/13549, 2015/14703, 2019/17658",,AirBag,
Honda,Civic,2003,"2013/13549, 2014/14498, 2015/14703, 2019/17658",,AirBag,
Honda,Civic,2004,"2014/14498, 2015/14703, 2019/17658",,AirBag,
Honda,Civic,2005,"2015/14703, 2019/17658",,AirBag,
Honda,Civic,2006,"2015/14703, 2016/15198, 2016/15494, 2019/17660, 2019/17662",,AirBag,
Honda,Civic,2007,"2015/14703, 2016/15198, 2016/15494, 2019/17660, 2019/17662",,AirBag,
Honda,Civic,2008,"2015/14703, 2016/15198, 2016/15494, 2019/17660, 2019/17662",,AirBag,
Honda,Civic,2009,"2015/14703, 2016/15198, 2016/15494, 2019/17660, 2019/17662",,AirBag,
Honda,Civic,2010,"2016/15198, 2016/15494, 2019/17660, 2019/17662",,AirBag,
Honda,Civic,2011,"2016/15198, 2016/15494, 2019/17660, 2019/17662",,AirBag,
Honda,Civic,2012,2016/15198,,AirBag,
Honda,Accord Euro,2001,2013/13549,,AirBag,
Honda,Accord Euro,2002,"2013/13549, 2015/14703",,AirBag,
Honda,Accord Euro,2003,"2013/13549, 2015/14703, 2014/14498, 2019/17658",,AirBag,
Honda,Accord Euro,2004,"2014/144988, 2015/14703, 2019/17658",,AirBag,
Honda,Accord Euro,2005,"2015/14703, 2019/17658",,AirBag,
Honda,Accord Euro,2006,"2015/14703, 2019/17658",,AirBag,
Honda,Accord Euro,2007,"2015/14703, 2016/15496, 2019/17658",,AirBag,
Honda,Accord Euro,2008,"2015/14703, 2016/15496, 2019/17658",,AirBag,
Honda,Accord Euro,2009,"2015/14703, 2016/15496, 2019/17658",,AirBag,
Honda,Accord Euro,2010,2016/15496,,AirBag,
Honda,Accord Euro,2011,2016/15496,,AirBag,
Honda,Accord Euro,2012,2017/15856,,AirBag,
Honda,Accord Euro,2013,2018/16523,,AirBag,
Honda,Accord Euro,2014,2018/17079,,AirBag,
Honda,Accord Euro,2015,2018/17079,,AirBag,
Honda,Jazz,2001,2013/13549,,AirBag,
Honda,Jazz,2002,"2013/13549, 2015/14703",,AirBag,
Honda,Jazz,2003,"2013/13549, 2014/14498, 2015/14703, 2019/17658",,AirBag,
Honda,Jazz,2004,"2014/14438, 2014/14498, 2015/14703, 2019/17658, 2019/17661",,AirBag,
Honda,Jazz,2005,"2015/14702, 2015/14703, 2019/17658, 2019/17661",,AirBag,
Honda,Jazz,2006,"2015/14702, 2015/14703, 2015/14819, 2019/17658, 2019/17661",,AirBag,
Honda,Jazz,2007,"2015/14702, 2015/14703, 2015/14819, 2016/15496, 2019/17658, 2019/17661",,AirBag,
Honda,Jazz,2008,"2015/14703, 2015/14819, 2016/15496, 2019/17661",,AirBag,
Honda,Jazz,2009,"2015/14703, 2015/14819, 2016/15496, 2019/17658, 2019/17661",,AirBag,
Honda,Jazz,2010,"2015/14819, 2016/15496, 2019/17661",,AirBag,
Honda,Jazz,2011,"2015/14819, 2016/15197, 2016/15496, 2019/17661",,AirBag,
Honda,Jazz,2012,"2015/14819, 2016/15197, 2017/15856, 2019/17661",,AirBag,
Honda,Jazz,2013,"2016/15197, 2018/16523, 2019/17661",,AirBag,
Honda,Jazz,2014,"2016/15197, 2018/17079",,AirBag,
Honda,MDX,2001,"2013/13549, 2015/14737",,AirBag,
Honda,MDX,2002,"2013/13549, 2015/14737",,AirBag,
Honda,MDX,2003,"2013/13549, 2015/14737, 2016/15495, 2019/17450, 2019/17659",,AirBag,
Honda,MDX,2004,"2015/14737, 2016/15495, 2019/17450",,AirBag,
Honda,MDX,2005,"2015/14737, 2016/15495, 2019/17450",,AirBag,
Honda,MDX,2006,"2015/14737, 2016/15495, 2019/17450",,AirBag,
Honda,MDX,2007,"2015/14737,2016/15495",,AirBag,
Honda,MDX,2008,2016/15495,,AirBag,
Honda,MDX,2009,2016/15495,,AirBag,
Honda,MDX,2010,2016/15495,,AirBag,
Honda,MDX,2011,2016/15495,,AirBag,
Honda,City,2002,2015/14703,,AirBag,
Honda,City,2003,2015/14703,,AirBag,
Honda,City,2004,"2015/14703, 2019/17661",,AirBag,
Honda,City,2005,"2015/14703, 2019/17661",,AirBag,
Honda,City,2006,"2015/14703, 2015/14819, 2019/17661",,AirBag,
Honda,City,2007,"2015/14703, 2015/14819, 2016/15496, 2019/17661",,AirBag,
Honda,City,2008,"2015/14703, 2015/14819, 2016/15496, 2019/17661",,AirBag,
Honda,City,2009,"2015/14703, 2015/14819, 2016/15496, 2019/17658, 2019/17661",,AirBag,
Honda,City,2010,"2015/14819, 2016/15496, 2019/17661",,AirBag,
Honda,City,2011,"2015/14819, 2016/15197, 2016/15496, 2019/17661",,AirBag,
Honda,City,2012,"2015/14819, 2016/15197, 2017/15856, 2019/17661",,AirBag,
Honda,City,2013,"2016/15197, 2019/17661",,AirBag,
Honda,City,2014,2016/15197,,AirBag,
Honda,Insight,2004,2019/17661,,AirBag,
Honda,Insight,2005,2019/17661,,AirBag,
Honda,Insight,2006,"2015/14819, 2019/17661",,AirBag,
Honda,Insight,2007,"2015/14819, 2016/15496, 2019/17661",,AirBag,
Honda,Insight,2008,"2015/14819, 2016/15496, 2019/17661",,AirBag,
Honda,Insight,2009,"2015/14819, 2016/15496, 2019/17661",,AirBag,
Honda,Insight,2010,"2015/14819, 2016/15496, 2019/17661",,AirBag,
Honda,Insight,2011,"2015/14819, 2016/15197, 2016/15496, 2019/17661",,AirBag,
Honda,Insight,2012,"2015/14819, 2016/15197, 2017/15856, 2019/17661",,AirBag,
Honda,Insight,2013,"2016/15197, 2018/16523, 2019/17661",,AirBag,
Honda,Insight,2014,2016/15197,,AirBag,
Honda,Jazz Hybrid,2006,"2015/14819, 2016/15198",,AirBag,
Honda,Jazz Hybrid,2007,"2015/14819, 2016/15198",,AirBag,
Honda,Jazz Hybrid,2008,"2015/14819, 2016/15198",,AirBag,
Honda,Jazz Hybrid,2009,"2015/14819, 2016/15198",,AirBag,
Honda,Jazz Hybrid,2010,"2015/14819, 2016/15198",,AirBag,
Honda,Jazz Hybrid,2011,"2015/14819, 2016/15197, 2016/15198",,AirBag,
Honda,Jazz Hybrid,2012,"2015/14819, 2016/15197, 2016/15198",,AirBag,
Honda,Jazz Hybrid,2013,"2016/15197, 2018/16523",,AirBag,
Honda,Jazz Hybrid,2014,2016/15197,,AirBag,
Honda,Legend,2003,2016/15495,,AirBag,
Honda,Legend,2004,2016/15495,,AirBag,
Honda,Legend,2005,2016/15495,,AirBag,
Honda,Legend,2006,"2016/15198, 2016/15495",,AirBag,
Honda,Legend,2007,"2016/15198, 2016/15495",,AirBag,
Honda,Legend,2008,"2016/15198, 2016/15495",,AirBag,
Honda,Legend,2009,"2016/15198, 2016/15495",,AirBag,
Honda,Legend,2010,"2016/15198, 2016/15495",,AirBag,
Honda,Legend,2011,"2016/15198, 2016/15495",,AirBag,
Honda,Legend,2012,"2016/15198, 2017/15857",,AirBag,
Honda,Civic Hybrid,2003,2014/14498,,AirBag,
Honda,Civic Hybrid,2004,"2014/14498, 2019/17658",,AirBag,
Honda,Odyssey,2003,2016/15495,,AirBag,
Honda,Odyssey,2004,2016/15495,,AirBag,
Honda,Odyssey,2005,2016/15495,,AirBag,
Honda,Odyssey,2006,2016/15495,,AirBag,
Honda,Odyssey,2007,2016/15495,,AirBag,
Honda,Odyssey,2008,2016/15495,,AirBag,
Honda,Odyssey,2009,2016/15495,,AirBag,
Honda,Odyssey,2010,2016/15495,,AirBag,
Honda,Odyssey,2011,2016/15495,,AirBag,
,,,,,,
Jaguar,XF (250),2009,2018/16868,,AirBag,
Jaguar,XF (250),2010,2018/16868,,AirBag,
Jaguar,XF (250),2011,2018/16868,,AirBag,
Jaguar,XF (250),2012,2018/16868,,AirBag,
Jaguar,XF (250),2013,2018/16868,,AirBag,
Jaguar,XF (250),2014,2018/16868,,AirBag,
Jaguar,XF (250),2015,2018/16868,,AirBag,
Jaguar,XF X260,2016,2018/17080,,AirBag,
Jaguar,XE X760,2016,2018/17080,,AirBag,
Jaguar,Range Rover (L322),2007,2018/16867,,AirBag,
Jaguar,Range Rover (L322),2008,2018/16867,,AirBag,
Jaguar,Range Rover (L322),2009,2018/16867,,AirBag,
Jaguar,Range Rover (L322),2010,2018/16867,,AirBag,
Jaguar,Range Rover (L322),2011,2018/16867,,AirBag,
Jaguar,Range Rover (L322),2012,2018/16867,,AirBag,
Jaguar,Land Rover Discovery Sport,2015,2018/17081,,AirBag,
Jaguar,Land Rover Discovery Sport,2016,2018/17081,,AirBag,
Jaguar,Land Rover Discovery Sport,2017,2019/17270,,AirBag,
Jaguar,XE,2017,2019/17271,,AirBag,
Jaguar,XF,2017,2019/17271,,AirBag,
Jaguar,F Pace,2017,2019/17271,,AirBag,
,,,,,,
Jeep,Wrangler JK,2007,2016/15516,,AirBag,
Jeep,Wrangler JK,2008,2016/15516,,AirBag,
Jeep,Wrangler JK,2009,2016/15516,,AirBag,
Jeep,Wrangler JK,2010,2016/15516,,AirBag,
Jeep,Wrangler JK,2011,2016/15516,,AirBag,
Jeep,Wrangler JK,2012,2016/15516,,AirBag,
Jeep,Wrangler JK,2014,2018/16702,,AirBag,
Jeep,Wrangler JK,2015,2018/16702,,AirBag,
Jeep,Wrangler JK,2016,2018/16702,,AirBag,
Jeep,Wrangler,2013,2018/16617,,AirBag,
,,,,,,
Lexus,SC430,2000,2013/13545,,AirBag,
Lexus,SC430,2001,"2013/13545, 2018/17147, 2019/17787",,AirBag,
Lexus,SC430,2002,"2013/13545, 2018/17147, 2019/17787",,AirBag,
Lexus,SC430,2003,"2013/13545, 2015/14795, 2018/17147, 2019/17787",,AirBag,
Lexus,SC430,2004,"2015/14795, 2019/17787",,AirBag,
Lexus,SC430,2005,"2015/14795, 2019/17787",,AirBag,
Lexus,SC430,2006,"2015/14795, 2019/17787",,AirBag,
Lexus,SC430,2007,"2015/14795, 2019/17787",,AirBag,
Lexus,SC430,2008,2019/17787,,AirBag,
Lexus,SC430,2009,2019/17787,,AirBag,
Lexus,SC430,2010,2019/17787,,AirBag,
Lexus,UZZ40,2001,"2018/17147, 2019/17787",,AirBag,
Lexus,UZZ40,2002,"2018/17147, 2019/17787",,AirBag,
Lexus,UZZ40,2003,"2015/14795, 2018/17147, 2019/17787",,AirBag,
Lexus,UZZ40,2004,"2015/14795, 2019/17787",,AirBag,
Lexus,UZZ40,2005,"2015/14795, 2019/17787",,AirBag,
Lexus,UZZ40,2006,"2015/14795, 2019/17787",,AirBag,
Lexus,UZZ40,2007,"2015/14795, 2019/17787",,AirBag,
Lexus,UZZ40,2008,2019/17787,,AirBag,
Lexus,UZZ40,2009,2019/17787,,AirBag,
Lexus,UZZ40,2010,2019/17787,,AirBag,
Lexus,IS250,2005,2016/15425,,AirBag,
Lexus,IS250,2006,2016/15425,,AirBag,
Lexus,IS250,2007,2016/15425,,AirBag,
Lexus,IS250,2008,2016/15425,,AirBag,
Lexus,IS250,2009,2016/15425,,AirBag,
Lexus,IS250,2010,2016/15425,,AirBag,
Lexus,IS250,2011,"2016/15425, 2017/15846",,AirBag,
Lexus,IS250,2012,2017/15846,,AirBag,
Lexus,IS250,2013,2018/16536,,AirBag,
Lexus,IS250C,2005,2016/15425,,AirBag,
Lexus,IS250C,2006,2016/15425,,AirBag,
Lexus,IS250C,2007,2016/15425,,AirBag,
Lexus,IS250C,2008,2016/15425,,AirBag,
Lexus,IS250C,2009,2016/15425,,AirBag,
Lexus,IS250C,2010,2016/15425,,AirBag,
Lexus,IS250C,2011,"2016/15425, 2017/15846",,AirBag,
Lexus,IS250C,2012,2017/15846,,AirBag,
Lexus,IS250C,2013,2018/16536,,AirBag,
Lexus,IS250C,2014,2019/17284,,AirBag,
Lexus,IS350,2005,2016/15425,,AirBag,
Lexus,IS350,2006,2016/15425,,AirBag,
Lexus,IS350,2007,2016/15425,,AirBag,
Lexus,IS350,2008,2016/15425,,AirBag,
Lexus,IS350,2009,2016/15425,,AirBag,
Lexus,IS350,2010,2016/15425,,AirBag,
Lexus,IS350,2011,"2016/15425, 2017/15846",,AirBag,
Lexus,IS350,2012,2017/15846,,AirBag,
Lexus,IS350,2013,2018/16536,,AirBag,
Lexus,IS-F,2005,2016/15425,,AirBag,
Lexus,IS-F,2006,2016/15425,,AirBag,
Lexus,IS-F,2007,2016/15425,,AirBag,
Lexus,IS-F,2008,2016/15425,,AirBag,
Lexus,IS-F,2009,2016/15425,,AirBag,
Lexus,IS-F,2010,2016/15425,,AirBag,
Lexus,IS-F,2011,"2016/15425, 2017/15846",,AirBag,
Lexus,IS-F,2012,2017/15846,,AirBag,
Lexus,IS-F,2013,2018/16536,,AirBag,
Lexus,IS-F,2014,2019/17284,,AirBag,
Lexus,LFA,2011,2017/15846,,AirBag,
Lexus,LFA,2012,2017/15846,,AirBag,
Mazda,B4000,2005,2018/16759,,AirBag,
Mazda,B4000,2006,2018/16759,,AirBag,
Mazda,2 (DE),2010,2016/15522,,AirBag,
Mazda,2,2007,2016/15521,,AirBag,
Mazda,2,2008,2016/15521,,AirBag,
Mazda,2,2009,2016/15521,,AirBag,
Mazda,2,2010,2016/15521,,AirBag,
Mazda,2,2011,2016/15521,,AirBag,
Mazda,2,2012,2016/15521,,AirBag,
Mazda,2,2013,2016/15521,,AirBag,
Mazda,2,2014,2016/15521,,AirBag,
Mazda,2,2015,2016/15521,,AirBag,
Mazda,RX-8,2002,2015/14761,,AirBag,
Mazda,RX-8,2003,2015/14761,,AirBag,
Mazda,RX-8,2004,2015/14761,,AirBag,
Mazda,RX-8,2005,2015/14761,,AirBag,
Mazda,RX-8,2006,2015/14761,,AirBag,
Mazda,RX-8,2007,2015/14761,,AirBag,
Mazda,RX-8,2008,2016/15521,,AirBag,
Mazda,RX-8,2009,2016/15521,,AirBag,
Mazda,RX-8,2010,2016/15521,,AirBag,
Mazda,RX-8,2011,2016/15521,,AirBag,
Mazda,RX-8,2012,2016/15521,,AirBag,
Mazda,6,2002,2015/14761,,AirBag,
Mazda,6,2003,2015/14761,,AirBag,
Mazda,6,2004,2015/14761,,AirBag,
Mazda,6,2005,2015/14761,,AirBag,
Mazda,6,2006,"2015/14761, 2017/16232",,AirBag,
Mazda,6,2007,"2015/14761, 2017/16232",,AirBag,
Mazda,6,2008,"2015/14761, 2017/16232",,AirBag,
Mazda,6,2009,"2015/14761, 2017/16232",,AirBag,
Mazda,6,2010,"2015/14761, 2017/16232",,AirBag,
Mazda,6,2011,"2015/14761, 2017/16232",,AirBag,
Mazda,6,2012,2017/16232,,AirBag,
Mazda,BT-50,2005,2015/14761,,AirBag,
Mazda,BT-50,2006,2015/14761,,AirBag,
Mazda,BT-50,2007,2015/14761,,AirBag,
Mazda,BT-50,2008,2015/14761,,AirBag,
Mazda,BT-50,2009,2015/14761,,AirBag,
Mazda,BT-50,2010,2015/14761,,AirBag,
Mazda,BT-50,2011,2015/14761,,AirBag,
Mazda,B2500,2002,2015/14760,,AirBag,
Mazda,B2500,2003,2015/14760,,AirBag,
Mazda,B2500,2004,2015/14760,,AirBag,
Mazda,B2500,2005,2015/14760,,AirBag,
Mazda,B2500,2006,2015/14760,,AirBag,
Mazda,B2500,2007,2015/14760,,AirBag,
Mazda,B2500,2008,2015/14760,,AirBag,
Mazda,B2500,2009,2015/14760,,AirBag,
Mazda,B2500,2010,2015/14760,,AirBag,
Mazda,B2500,2011,2015/14760,,AirBag,
Mazda,B2600,2002,2015/14760,,AirBag,
Mazda,B2600,2003,2015/14760,,AirBag,
Mazda,B2600,2004,2015/14760,,AirBag,
Mazda,B2600,2005,2015/14760,,AirBag,
Mazda,B2600,2006,2015/14760,,AirBag,
Mazda,B2600,2007,2015/14760,,AirBag,
Mazda,B2600,2008,2015/14760,,AirBag,
Mazda,B2600,2009,2015/14760,,AirBag,
Mazda,B2600,2010,2015/14760,,AirBag,
Mazda,B2600,2011,2015/14760,,AirBag,
Mazda,CX-7,2006,2017/16232,,AirBag,
Mazda,CX-7,2007,2017/16232,,AirBag,
Mazda,CX-7,2008,2017/16232,,AirBag,
Mazda,CX-7,2009,2017/16232,,AirBag,
Mazda,CX-7,2010,2017/16232,,AirBag,
Mazda,CX-7,2011,2017/16232,,AirBag,
Mazda,CX-7,2012,2017/16232,,AirBag,
Mazda,CX-9,2006,2017/16232,,AirBag,
Mazda,CX-9,2007,2017/16232,,AirBag,
Mazda,CX-9,2008,2017/16232,,AirBag,
Mazda,CX-9,2009,2017/16232,,AirBag,
Mazda,CX-9,2010,2017/16232,,AirBag,
Mazda,CX-9,2011,2017/16232,,AirBag,
Mazda,CX-9,2012,2017/16232,,AirBag,
,,,,,,
McLaren,P11 Coupe,2012,2018/17052,,AirBag,
McLaren,P11 Coupe,2013,2018/17052,,AirBag,
McLaren,P11 Coupe,2014,2018/17052,,AirBag,
McLaren,P11 Coupe,2015,2018/17052,,AirBag,
McLaren,P11 Coupe,2016,2018/17052,,AirBag,
McLaren,P11 Coupe,2017,2018/17052,,AirBag,
McLaren,P11 Coupe,2018,2018/17052,,AirBag,
McLaren,P11 Spider,2012,2018/17052,,AirBag,
McLaren,P11 Spider,2013,2018/17052,,AirBag,
McLaren,P11 Spider,2014,2018/17052,,AirBag,
McLaren,P11 Spider,2015,2018/17052,,AirBag,
McLaren,P11 Spider,2016,2018/17052,,AirBag,
McLaren,P11 Spider,2017,2018/17052,,AirBag,
McLaren,P11 Spider,2018,2018/17052,,AirBag,
McLaren,P11 Coupe-S,2012,2018/17052,,AirBag,
McLaren,P11 Coupe-S,2013,2018/17052,,AirBag,
McLaren,P11 Coupe-S,2014,2018/17052,,AirBag,
McLaren,P11 Coupe-S,2015,2018/17052,,AirBag,
McLaren,P11 Coupe-S,2016,2018/17052,,AirBag,
McLaren,P11 Coupe-S,2017,2018/17052,,AirBag,
McLaren,P11 Coupe-S,2018,2018/17052,,AirBag,
McLaren,P11 Spider-S,2012,2018/17052,,AirBag,
McLaren,P11 Spider-S,2013,2018/17052,,AirBag,
McLaren,P11 Spider-S,2014,2018/17052,,AirBag,
McLaren,P11 Spider-S,2015,2018/17052,,AirBag,
McLaren,P11 Spider-S,2016,2018/17052,,AirBag,
McLaren,P11 Spider-S,2017,2018/17052,,AirBag,
McLaren,P11 Spider-S,2018,2018/17052,,AirBag,
McLaren,P11 Coupe-R,2012,2018/17052,,AirBag,
McLaren,P11 Coupe-R,2013,2018/17052,,AirBag,
McLaren,P11 Coupe-R,2014,2018/17052,,AirBag,
McLaren,P11 Coupe-R,2015,2018/17052,,AirBag,
McLaren,P11 Coupe-R,2016,2018/17052,,AirBag,
McLaren,P11 Coupe-R,2017,2018/17052,,AirBag,
McLaren,P11 Coupe-R,2018,2018/17052,,AirBag,
McLaren,P11 Spider-R,2012,2018/17052,,AirBag,
McLaren,P11 Spider-R,2013,2018/17052,,AirBag,
McLaren,P11 Spider-R,2014,2018/17052,,AirBag,
McLaren,P11 Spider-R,2015,2018/17052,,AirBag,
McLaren,P11 Spider-R,2016,2018/17052,,AirBag,
McLaren,P11 Spider-R,2017,2018/17052,,AirBag,
McLaren,P11 Spider-R,2018,2018/17052,,AirBag,
McLaren,P13 Coupe-C,2012,2018/17052,,AirBag,
McLaren,P13 Coupe-C,2013,2018/17052,,AirBag,
McLaren,P13 Coupe-C,2014,2018/17052,,AirBag,
McLaren,P13 Coupe-C,2015,2018/17052,,AirBag,
McLaren,P13 Coupe-C,2016,2018/17052,,AirBag,
McLaren,P13 Coupe-C,2017,2018/17052,,AirBag,
McLaren,P13 Coupe-C,2018,2018/17052,,AirBag,
McLaren,P13 Coupe-S,2012,2018/17052,,AirBag,
McLaren,P13 Coupe-S,2013,2018/17052,,AirBag,
McLaren,P13 Coupe-S,2014,2018/17052,,AirBag,
McLaren,P13 Coupe-S,2015,2018/17052,,AirBag,
McLaren,P13 Coupe-S,2016,2018/17052,,AirBag,
McLaren,P13 Coupe-S,2017,2018/17052,,AirBag,
McLaren,P13 Coupe-S,2018,2018/17052,,AirBag,
McLaren,P13 GT,2012,2018/17052,,AirBag,
McLaren,P13 GT,2013,2018/17052,,AirBag,
McLaren,P13 GT,2014,2018/17052,,AirBag,
McLaren,P13 GT,2015,2018/17052,,AirBag,
McLaren,P13 GT,2016,2018/17052,,AirBag,
McLaren,P13 GT,2017,2018/17052,,AirBag,
McLaren,P13 GT,2018,2018/17052,,AirBag,
McLaren,P13 Spider-S,2012,2018/17052,,AirBag,
McLaren,P13 Spider-S,2013,2018/17052,,AirBag,
McLaren,P13 Spider-S,2014,2018/17052,,AirBag,
McLaren,P13 Spider-S,2015,2018/17052,,AirBag,
McLaren,P13 Spider-S,2016,2018/17052,,AirBag,
McLaren,P13 Spider-S,2017,2018/17052,,AirBag,
McLaren,P13 Spider-S,2018,2018/17052,,AirBag,
,,,,,,
Mercedes-Benz,GL Class,2006,2018/16775,,AirBag,
Mercedes-Benz,GL Class,2007,2018/16775,,AirBag,
Mercedes-Benz,GL Class,2008,2018/16775,,AirBag,
Mercedes-Benz,GL Class,2009,2018/16775,,AirBag,
Mercedes-Benz,GL Class,2010,2018/16775,,AirBag,
Mercedes-Benz,GL Class,2011,2018/16775,,AirBag,
Mercedes-Benz,GL Class,2012,2018/16775,,AirBag,
Mercedes-Benz,ML Class,2006,2018/16775,,AirBag,
Mercedes-Benz,ML Class,2007,2018/16775,,AirBag,
Mercedes-Benz,ML Class,2008,2018/16775,,AirBag,
Mercedes-Benz,ML Class,2009,2018/16775,,AirBag,
Mercedes-Benz,ML Class,2010,2018/16775,,AirBag,
Mercedes-Benz,ML Class,2011,2018/16775,,AirBag,
Mercedes-Benz,ML Class,2012,2018/16775,,AirBag,
Mercedes-Benz,SLK Class,2006,2018/16775,,AirBag,
Mercedes-Benz,SLK Class,2007,2018/16775,,AirBag,
Mercedes-Benz,SLK Class,2008,2018/16775,,AirBag,
Mercedes-Benz,SLK Class,2009,2018/16775,,AirBag,
Mercedes-Benz,SLK Class,2010,2018/16775,,AirBag,
Mercedes-Benz,SLK Class,2011,2018/16775,,AirBag,
Mercedes-Benz,SLK Class,2012,2018/16775,,AirBag,
Mercedes-Benz,A Class,2005,2018/16775,,AirBag,
Mercedes-Benz,A Class,2006,2018/16775,,AirBag,
Mercedes-Benz,A Class,2007,2018/16775,,AirBag,
Mercedes-Benz,A Class,2008,2018/16775,,AirBag,
Mercedes-Benz,A Class,2009,2018/16775,,AirBag,
Mercedes-Benz,A Class,2010,2018/16775,,AirBag,
Mercedes-Benz,SLS Coupe (197),2011,2018/16775,,AirBag,
Mercedes-Benz,SLS Coupe (197),2012,2018/16775,,AirBag,
Mercedes-Benz,SLS Coupe (197),2013,2018/16775,,AirBag,
Mercedes-Benz,SLS Coupe (197),2014,2018/16775,,AirBag,
Mercedes-Benz,SLS Roadster (197),2011,2018/16775,,AirBag,
Mercedes-Benz,SLS Roadster (197),2012,2018/16775,,AirBag,
Mercedes-Benz,SLS Roadster (197),2013,2018/16775,,AirBag,
Mercedes-Benz,SLS Roadster (197),2014,2018/16775,,AirBag,
Mercedes-Benz,G300 CDI Professional Wagon (461),2015,2018/16775,,AirBag,
Mercedes-Benz,G300 CDI Professional Wagon (461),2016,2018/16775,,AirBag,
Mercedes-Benz,G300 CDI Professional Wagon (461),2017,2018/16775,,AirBag,
Mercedes-Benz,G300 CDI Professional Wagon (461),2018,2018/16775,,AirBag,
Mercedes-Benz,G300 CDI Cab Chassis (461),2015,2018/16775,,AirBag,
Mercedes-Benz,G300 CDI Cab Chassis (461),2016,2018/16775,,AirBag,
Mercedes-Benz,G300 CDI Cab Chassis (461),2017,2018/16775,,AirBag,
Mercedes-Benz,G300 CDI Cab Chassis (461),2018,2018/16775,,AirBag,
Mercedes-Benz,R Class (251),2008,2018/16814,,AirBag,
Mercedes-Benz,R Class (251),2009,2018/16814,,AirBag,
Mercedes-Benz,R Class (251),2010,2018/16814,,AirBag,
Mercedes-Benz,R Class (251),2011,2018/16814,,AirBag,
Mercedes-Benz,R Class (251),2012,2018/16814,,AirBag,
Mercedes-Benz,R Class (251),2013,2018/16814,,AirBag,
Mercedes-Benz,C Class (204),2008,2018/16814,,AirBag,
Mercedes-Benz,C Class (204),2009,2018/16814,,AirBag,
Mercedes-Benz,C Class (204),2010,2018/16814,,AirBag,
Mercedes-Benz,C Class (204),2011,2018/16814,,AirBag,
Mercedes-Benz,C Class (204),2012,2018/17006,,AirBag,
Mercedes-Benz,C Class (204),2013,2018/17006,,AirBag,
Mercedes-Benz,C Class (204),2014,2018/17006,,AirBag,
Mercedes-Benz,C Class (204),2015,2018/17006,,AirBag,
Mercedes-Benz,E Class (212),2010,2018/17190,,AirBag,
Mercedes-Benz,E Class (212),2011,2018/17190,,AirBag,
Mercedes-Benz,E Class (212),2012,2018/17190,,AirBag,
Mercedes-Benz,E Class (212),2013,2018/17190,,AirBag,
Mercedes-Benz,E Class (212),2014,2018/17190,,AirBag,
Mercedes-Benz,E Class (212),2015,2018/17190,,AirBag,
Mercedes-Benz,E Class (212),2016,2018/17190,,AirBag,
Mercedes-Benz,E Class (212),2017,2018/17190,,AirBag,
Mercedes-Benz,E Class Cabrio (207),2010,2018/17190,,AirBag,
Mercedes-Benz,E Class Cabrio (207),2011,2018/17190,,AirBag,
Mercedes-Benz,E Class Cabrio (207),2012,2018/17190,,AirBag,
Mercedes-Benz,E Class Cabrio (207),2013,2018/17190,,AirBag,
Mercedes-Benz,E Class Cabrio (207),2014,2018/17190,,AirBag,
Mercedes-Benz,E Class Cabrio (207),2015,2018/17190,,AirBag,
Mercedes-Benz,E Class Cabrio (207),2016,2018/17190,,AirBag,
Mercedes-Benz,E Class Cabrio (207),2017,2018/17190,,AirBag,
Mercedes-Benz,E Class Coupe (207),2010,2018/17190,,AirBag,
Mercedes-Benz,E Class Coupe (207),2011,2018/17190,,AirBag,
Mercedes-Benz,E Class Coupe (207),2012,2018/17190,,AirBag,
Mercedes-Benz,E Class Coupe (207),2013,2018/17190,,AirBag,
Mercedes-Benz,E Class Coupe (207),2014,2018/17190,,AirBag,
Mercedes-Benz,E Class Coupe (207),2015,2018/17190,,AirBag,
Mercedes-Benz,E Class Coupe (207),2016,2018/17190,,AirBag,
Mercedes-Benz,E Class Coupe (207),2017,2018/17190,,AirBag,
Mercedes-Benz,Vito,2006,2018/16910,,AirBag,
Mercedes-Benz,Vito,2007,2018/16910,,AirBag,
Mercedes-Benz,Vito,2008,2018/16910,,AirBag,
Mercedes-Benz,Vito,2009,2018/16910,,AirBag,
Mercedes-Benz,Vito,2010,2018/16910,,AirBag,
Mercedes-Benz,Vito,2011,2018/16910,,AirBag,
Mercedes-Benz,Vito,2012,2018/16910,,AirBag,
Mercedes-Benz,Vito,2013,2018/16910,,AirBag,
Mercedes-Benz,Vito,2014,2018/16910,,AirBag,
Mercedes-Benz,Viano ,2006,2018/16910,,AirBag,
Mercedes-Benz,Viano ,2007,2018/16910,,AirBag,
Mercedes-Benz,Viano ,2008,2018/16910,,AirBag,
Mercedes-Benz,Viano ,2009,2018/16910,,AirBag,
Mercedes-Benz,Viano ,2010,2018/16910,,AirBag,
Mercedes-Benz,Viano ,2011,2018/16910,,AirBag,
Mercedes-Benz,Viano ,2012,2018/16910,,AirBag,
Mercedes-Benz,Viano ,2013,2018/16910,,AirBag,
Mercedes-Benz,Viano ,2014,2018/16910,,AirBag,
Mercedes-Benz,Valente,2006,2018/16910,,AirBag,
Mercedes-Benz,Valente,2007,2018/16910,,AirBag,
Mercedes-Benz,Valente,2008,2018/16910,,AirBag,
Mercedes-Benz,Valente,2009,2018/16910,,AirBag,
Mercedes-Benz,Valente,2010,2018/16910,,AirBag,
Mercedes-Benz,Valente,2011,2018/16910,,AirBag,
Mercedes-Benz,Valente,2012,2018/16910,,AirBag,
Mercedes-Benz,Valente,2013,2018/16910,,AirBag,
Mercedes-Benz,Valente,2014,2018/16910,,AirBag,
Mercedes-Benz,Vito ES Edition,2006,2018/16910,,AirBag,
Mercedes-Benz,Vito ES Edition,2007,2018/16910,,AirBag,
Mercedes-Benz,Vito ES Edition,2008,2018/16910,,AirBag,
Mercedes-Benz,Vito ES Edition,2009,2018/16910,,AirBag,
Mercedes-Benz,Vito ES Edition,2010,2018/16910,,AirBag,
Mercedes-Benz,Vito ES Edition,2011,2018/16910,,AirBag,
Mercedes-Benz,Vito ES Edition,2012,2018/16910,,AirBag,
Mercedes-Benz,Vito ES Edition,2013,2018/16910,,AirBag,
Mercedes-Benz,Vito ES Edition,2014,2018/16910,,AirBag,
Mercedes-Benz,Viano ES Edition,2006,2018/16910,,AirBag,
Mercedes-Benz,Viano ES Edition,2007,2018/16910,,AirBag,
Mercedes-Benz,Viano ES Edition,2008,2018/16910,,AirBag,
Mercedes-Benz,Viano ES Edition,2009,2018/16910,,AirBag,
Mercedes-Benz,Viano ES Edition,2010,2018/16910,,AirBag,
Mercedes-Benz,Viano ES Edition,2011,2018/16910,,AirBag,
Mercedes-Benz,Viano ES Edition,2012,2018/16910,,AirBag,
Mercedes-Benz,Viano ES Edition,2013,2018/16910,,AirBag,
Mercedes-Benz,Viano ES Edition,2014,2018/16910,,AirBag,
Mercedes-Benz,Valente ES Edition,2006,2018/16910,,AirBag,
Mercedes-Benz,Valente ES Edition,2007,2018/16910,,AirBag,
Mercedes-Benz,Valente ES Edition,2008,2018/16910,,AirBag,
Mercedes-Benz,Valente ES Edition,2009,2018/16910,,AirBag,
Mercedes-Benz,Valente ES Edition,2010,2018/16910,,AirBag,
Mercedes-Benz,Valente ES Edition,2011,2018/16910,,AirBag,
Mercedes-Benz,Valente ES Edition,2012,2018/16910,,AirBag,
Mercedes-Benz,Valente ES Edition,2013,2018/16910,,AirBag,
Mercedes-Benz,Valente ES Edition,2014,2018/16910,,AirBag,
Mercedes-Benz,906 Series Sprinter ES Edition,2006,"2018/17168, 2018/17169",,AirBag,
Mercedes-Benz,906 Series Sprinter ES Edition,2007,"2018/17168, 2018/17169",,AirBag,
Mercedes-Benz,906 Series Sprinter ES Edition,2008,"2018/17168, 2018/17169",,AirBag,
Mercedes-Benz,906 Series Sprinter ES Edition,2009,"2018/17168, 2018/17169",,AirBag,
Mercedes-Benz,906 Series Sprinter ES Edition,2010,"2018/17168, 2018/17169",,AirBag,
Mercedes-Benz,906 Series Sprinter ES Edition,2011,"2018/17168, 2018/17169",,AirBag,
Mercedes-Benz,906 Series Sprinter ES Edition,2012,"2018/17168, 2018/17169",,AirBag,
Mercedes-Benz,906 Series Sprinter ES Edition,2013,"2018/17168, 2018/17169",,AirBag,
Mercedes-Benz,906 Series Sprinter ES Edition,2014,"2018/17168, 2018/17169",,AirBag,
Mercedes-Benz,906 Series Sprinter ES Edition,2015,"2018/17168, 2018/17169",,AirBag,
Mercedes-Benz,906 Series Sprinter ES Edition,2016,"2018/17168, 2018/17169",,AirBag,
Mercedes-Benz,906 Series Sprinter ES Edition,2017,"2018/17168, 2018/17169",,AirBag,
,,,,,,
Mitsubishi,GA,2010,2017/15990,,AirBag,
Mitsubishi,GA,2011,2017/15990,,AirBag,
Mitsubishi,GB i-MiEV,2010,2017/15990,,AirBag,
Mitsubishi,GB i-MiEV,2011,2017/15990,,AirBag,
Mitsubishi,Lancer,2003,"2015/14936, 2018/16731",,AirBag,
Mitsubishi,Lancer,2004,"2015/14936, 2018/16731",,AirBag,
Mitsubishi,Lancer,2005,"2015/14936, 2018/16731",,AirBag,
Mitsubishi,Lancer,2006,"2015/14936, 2018/16731",,AirBag,
Mitsubishi,Lancer,2007,"2015/14936, 2018/16731",,AirBag,
Mitsubishi,Lancer,2008,"2015/14936, 2018/16731",,AirBag,
Mitsubishi,Lancer,2016,2018/17024,,AirBag,
Mitsubishi,Lancer,2017,2018/17024,,AirBag,
Mitsubishi,ML Triton,2007,2016/15523,,AirBag,
Mitsubishi,ML Triton,2008,2016/15523,,AirBag,
Mitsubishi,ML Triton,2009,2016/15523,,AirBag,
Mitsubishi,ML Triton,2010,2016/15523,,AirBag,
Mitsubishi,ML Triton,2011,2016/15523,,AirBag,
Mitsubishi,ML Triton,2012,2016/15523,,AirBag,
Mitsubishi,ML Triton,2013,2016/15523,,AirBag,
Mitsubishi,ML Triton,2014,2016/15523,,AirBag,
Mitsubishi,MN Triton ,2007,2016/15523,,AirBag,
Mitsubishi,MN Triton ,2008,2016/15523,,AirBag,
Mitsubishi,MN Triton ,2009,2016/15523,,AirBag,
Mitsubishi,MN Triton ,2010,2016/15523,,AirBag,
Mitsubishi,MN Triton ,2011,2016/15523,,AirBag,
Mitsubishi,MN Triton ,2012,2016/15523,,AirBag,
Mitsubishi,MN Triton ,2013,2016/15523,,AirBag,
Mitsubishi,MN Triton ,2014,2016/15523,,AirBag,
Mitsubishi,Pajero NS,2006,2017/15991,,AirBag,
Mitsubishi,Pajero NS,2007,"2016/15617, 2017/15991",,AirBag,
Mitsubishi,Pajero NS,2008,"2016/15617, 2017/15991",,AirBag,
Mitsubishi,Pajero NS,2009,"2016/15617, 2017/15991",,AirBag,
Mitsubishi,Pajero NS,2010,2016/15617,,AirBag,
Mitsubishi,Pajero NS,2011,2016/15617,,AirBag,
Mitsubishi,Pajero NS,2012,2016/15617,,AirBag,
Mitsubishi,Pajero NS,2013,2016/15617,,AirBag,
Mitsubishi,Pajero NS,2014,2016/15617,,AirBag,
Mitsubishi,Pajero NS,2015,2016/15617,,AirBag,
Mitsubishi,Pajero NS,2016,2016/15617,,AirBag,
Mitsubishi,Parejo NT,2006,2017/15991,,AirBag,
Mitsubishi,Pajero NT ,2007,"2016/15617, 2017/15991",,AirBag,
Mitsubishi,Pajero NT ,2008,"2016/15617, 2017/15991",,AirBag,
Mitsubishi,Pajero NT ,2009,"2016/15617, 2017/15991",,AirBag,
Mitsubishi,Pajero NT ,2010,"2016/15617, 2017/16025",,AirBag,
Mitsubishi,Pajero NT ,2011,"2016/15617, 2017/16025",,AirBag,
Mitsubishi,Pajero NT ,2012,"2016/15617, 2017/16025",,AirBag,
Mitsubishi,Pajero NT ,2013,2016/15617,,AirBag,
Mitsubishi,Pajero NT ,2014,2016/15617,,AirBag,
Mitsubishi,Pajero NT ,2015,2016/15617,,AirBag,
Mitsubishi,Pajero NT ,2016,2016/15617,,AirBag,
Mitsubishi,Pajero NW ,2007,2016/15617,,AirBag,
Mitsubishi,Pajero NW ,2008,2016/15617,,AirBag,
Mitsubishi,Pajero NW ,2009,2016/15617,,AirBag,
Mitsubishi,Pajero NW ,2010,"2016/15617, 2017/16025",,AirBag,
Mitsubishi,Pajero NW ,2011,"2016/15617, 2017/16025",,AirBag,
Mitsubishi,Pajero NW ,2012,"2016/15617, 2017/16025",,AirBag,
Mitsubishi,Pajero NW ,2013,"2016/15617, 2017/16465",,AirBag,
Mitsubishi,Pajero NW ,2014,"2016/15617, 2017/16465",,AirBag,
Mitsubishi,Pajero NW ,2015,"2016/15617, 2017/16465",,AirBag,
Mitsubishi,Pajero NW ,2016,"2016/15617, 2017/16465",,AirBag,
Mitsubishi,Pajero NW ,2017,2017/16465,,AirBag,
Mitsubishi,Pajero NX,2007,2016/15617,,AirBag,
Mitsubishi,Pajero NX,2008,2016/15617,,AirBag,
Mitsubishi,Pajero NX,2009,2016/15617,,AirBag,
Mitsubishi,Pajero NX,2010,2016/15617,,AirBag,
Mitsubishi,Pajero NX,2011,2016/15617,,AirBag,
Mitsubishi,Pajero NX,2012,2016/15617,,AirBag,
Mitsubishi,Pajero NX,2013,"2016/15617, 2017/16465",,AirBag,
Mitsubishi,Pajero NX,2014,"2016/15617, 2017/16465",,AirBag,
Mitsubishi,Pajero NX,2015,"2016/15617, 2017/16465",,AirBag,
Mitsubishi,Pajero NX,2016,"2016/15617, 2017/16465",,AirBag,
Mitsubishi,Pajero NX,2017,2017/16465,,AirBag,
Mitsubishi,Delica,2016,2018/17024,,AirBag,
Mitsubishi,Delica,2017,2018/17024,,AirBag,
,,,,,,
Nissan,N16 Pulsar,2000,2013/13542,,AirBag,
Nissan,N16 Pulsar,2001,"2010/11761, 2013/13542, 2014/14182, 2017/15940, 2018/17163",,AirBag,
Nissan,N16 Pulsar,2002,"2013/13542, 2014/14182, 2018/17163",,AirBag,
Nissan,N16 Pulsar,2003,"2013/13542, 2014/14182, 2015/14751, 2018/17163",,AirBag,
Nissan,N16 Pulsar,2004,"2013/13542, 2015/14752, 2018/17163",,AirBag,
Nissan,N16 Pulsar,2005,"2015/14752, 2018/17163",,AirBag,
Nissan,N16 Pulsar,2006,"2015/14752, 2018/17163",,AirBag,
Nissan,N16 Pulsar,2007,"2015/14752, 2018/17163",,AirBag,
Nissan,N16 Pulsar,2008,2018/17163,,AirBag,
Nissan,Y61 Patrol,2000,2013/13542,,AirBag,
Nissan,Y61 Patrol,2001,"2010/11761, 2013/13542, 2014/14182, 2017/15940, 2018/17163",,AirBag,
Nissan,Y61 Patrol,2002,"2013/13542, 2014/14182, 2018/17163",,AirBag,
Nissan,Y61 Patrol,2003,"2013/13542, 2014/14182, 2015/14751, 2018/17163",,AirBag,
Nissan,Y61 Patrol,2004,"2013/13542, 2015/14752, 2018/17163",,AirBag,
Nissan,Y61 Patrol,2005,"2015/14752, 2018/17163",,AirBag,
Nissan,Y61 Patrol,2006,"2015/14752, 2018/17163",,AirBag,
Nissan,Y61 Patrol,2007,"2015/14752, 2015/14821, 2018/17163",,AirBag,
Nissan,Y61 Patrol,2008,"2015/14821, 2018/17163",,AirBag,
Nissan,Y61 Patrol,2009,2016/15769,,AirBag,
Nissan,Y61 Patrol,2010,2016/15769,,AirBag,
Nissan,Y61 Patrol,2011,2016/15769,,AirBag,
Nissan,Y61 Patrol,2012,2016/15769,,AirBag,
Nissan,Y61 Patrol,2013,2018/17086,,AirBag,
Nissan,Y61 Patrol,2014,2018/17086,,AirBag,
Nissan,Y61 Patrol,2015,2018/17086,,AirBag,
Nissan,Y61 Patrol,2016,2018/17086,,AirBag,
Nissan,D22 Navara,2000,2013/13542,,AirBag,
Nissan,D22 Navara,2001,"2013/13542, 2014/14182, 2018/17163",,AirBag,
Nissan,D22 Navara,2002,"2013/13542, 2014/14182, 2018/17163",,AirBag,
Nissan,D22 Navara,2003,"2013/13542, 2014/14182, 2015/14751, 2018/17163",,AirBag,
Nissan,D22 Navara,2004,"2013/13542, 2015/14752, 2018/17163",,AirBag,
Nissan,D22 Navara,2005,"2015/14752, 2018/17163",,AirBag,
Nissan,D22 Navara,2006,"2015/14752, 2018/17163",,AirBag,
Nissan,D22 Navara,2007,"2015/14752, 2015/14821, 2018/17163",,AirBag,
Nissan,D22 Navara,2008,"2015/14821, 2016/15769, 2018/17163",,AirBag,
Nissan,D22 Navara,2009,2016/15769,,AirBag,
Nissan,D22 Navara,2010,2016/15769,,AirBag,
Nissan,D22 Navara,2011,2016/15769,,AirBag,
Nissan,D22 Navara,2012,2016/15769,,AirBag,
Nissan,D22 Navara,2013,2018/17086,,AirBag,
Nissan,D22 Navara,2014,2018/17086,,AirBag,
Nissan,D22 Navara,2015,2018/17086,,AirBag,
Nissan,T30 X-Trail,2000,2013/13542,,AirBag,
Nissan,T30 X-Trail,2001,"2013/13542, 2014/14182, 2018/17163",,AirBag,
Nissan,T30 X-Trail,2002,"2013/13542, 2014/14182, 2018/17163",,AirBag,
Nissan,T30 X-Trail,2003,"2013/13542, 2014/14182, 2015/14751, 2018/17163",,AirBag,
Nissan,T30 X-Trail,2004,"2013/13542, 2015/14752, 2018/17163",,AirBag,
Nissan,T30 X-Trail,2005,"2015/14752, 2018/17163",,AirBag,
Nissan,T30 X-Trail,2006,"2015/14752, 2018/17163",,AirBag,
Nissan,T30 X-Trail,2007,"2015/14752, 2015/14821 2018/17163",,AirBag,
Nissan,T30 X-Trail,2008,"2015/14821, 2018/17163",,AirBag,
Nissan,J31 Maxima ,2001,2018/17163,,AirBag,
Nissan,J31 Maxima ,2002,2018/17163,,AirBag,
Nissan,J31 Maxima ,2003,"2015/14751, 2018/17163",,AirBag,
Nissan,J31 Maxima ,2004,"2015/14752, 2018/17163",,AirBag,
Nissan,J31 Maxima ,2005,"2015/14752, 2018/17163",,AirBag,
Nissan,J31 Maxima ,2006,"2015/14752, 2018/17163",,AirBag,
Nissan,J31 Maxima ,2007,"2015/14752, 2015/14821, 2018/17163",,AirBag,
Nissan,J31 Maxima ,2008,"2015/14821, 2018/17163",,AirBag,
Nissan,D40 Navara,2006,2017/16363,,AirBag,
Nissan,D40 Navara,2007,2017/16363,,AirBag,
Nissan,D40 Navara,2008,"2016/15228, 2017/16363",,AirBag,
Nissan,D40 Navara,2009,"2016/15228, 2017/16363",,AirBag,
Nissan,D40 Navara,2010,"2016/15228, 2017/16363",,AirBag,
Nissan,D40 Navara,2011,"2016/15228, 2017/16363",,AirBag,
Nissan,D40 Navara,2012,"2016/15228, 2017/16363",,AirBag,
Nissan,D40 Navara,2013,"2016/15228, 2017/16363",,AirBag,
Nissan,D40 Navara,2014,"2016/15228, 2017/16363",,AirBag,
Nissan,D40 Navara,2015,2017/16363,,AirBag,
Nissan,C11 Tiida,2006,"2016/15383, 2017/16363",,AirBag,
Nissan,C11 Tiida,2007,"2016/15383, 2017/16363",,AirBag,
Nissan,C11 Tiida,2008,"2016/15383, 2017/16363",,AirBag,
Nissan,C11 Tiida,2009,"2016/15383, 2017/16363",,AirBag,
Nissan,C11 Tiida,2010,"2016/15383, 2017/16363",,AirBag,
Nissan,C11 Tiida,2011,"2016/15383, 2017/16363",,AirBag,
Nissan,C11 Tiida,2012,"2016/15383, 2017/16363",,AirBag,
Nissan,C11 Tiida,2013,2017/16363,,AirBag,
Nissan,C11 Tiida,2014,2017/16363,,AirBag,
Nissan,C11 Tiida,2015,2017/16363,,AirBag,
,,,,,,
Performax,Silverado ,2007,2015/14789,,AirBag,
Performax,Silverado ,2008,2015/14789,,AirBag,
Performax,Sierra,2007,2015/14789,,AirBag,
Performax,Sierra,2008,2015/14789,,AirBag,
Performax,Mustang,2007,2015/14789,,AirBag,
Performax,Mustang,2008,2015/14789,,AirBag,
,,,,,,
Skoda ,Fabia II ,2014,2018/16909,,AirBag,
Skoda ,Fabia II ,2015,2018/16909,,AirBag,
Skoda ,Fabia II ,2016,2018/16909,,AirBag,
Skoda ,Fabia II ,2017,2018/16909,,AirBag,
Skoda ,Fabia II ,2018,2018/16909,,AirBag,
Skoda ,Fabia III,2014,2018/16909,,AirBag,
Skoda ,Fabia III,2015,2018/16909,,AirBag,
Skoda ,Fabia III,2016,2018/16909,,AirBag,
Skoda ,Fabia III,2017,2018/16909,,AirBag,
Skoda ,Fabia III,2018,2018/16909,,AirBag,
Skoda ,Roomster,2004,2018/16909,,AirBag,
Skoda ,Rapid,2014,2018/16909,,AirBag,
Skoda ,Rapid,2015,2018/16909,,AirBag,
Skoda ,Rapid,2016,2018/16909,,AirBag,
Skoda ,Rapid,2017,2018/16909,,AirBag,
Skoda ,Rapid,2018,2018/16909,,AirBag,
Skoda ,Yeti,2014,2018/16909,,AirBag,
Skoda ,Yeti,2015,2018/16909,,AirBag,
Skoda ,Yeti,2016,2018/16909,,AirBag,
Skoda ,Yeti,2017,2018/16909,,AirBag,
Skoda ,Yeti,2018,2018/16909,,AirBag,
Skoda ,Octavia III,2014,2018/16909,,AirBag,
Skoda ,Octavia III,2015,2018/16909,,AirBag,
Skoda ,Octavia III,2016,2018/16909,,AirBag,
Skoda ,Octavia III,2017,2018/16909,,AirBag,
Skoda ,Octavia III,2018,2018/16909,,AirBag,
Skoda ,Superb II,2014,2018/16909,,AirBag,
Skoda ,Superb II,2015,2018/16909,,AirBag,
Skoda ,Superb II,2016,2018/16909,,AirBag,
Skoda ,Superb II,2017,2018/16909,,AirBag,
Skoda ,Superb II,2018,2018/16909,,AirBag,
Skoda ,Superb III,2014,2018/16909,,AirBag,
Skoda ,Superb III,2015,2018/16909,,AirBag,
Skoda ,Superb III,2016,2018/16909,,AirBag,
Skoda ,Superb III,2017,2018/16909,,AirBag,
Skoda ,Superb III,2018,2018/16909,,AirBag,
Skoda ,Kodiaq,2014,2018/16909,,AirBag,
Skoda ,Kodiaq,2015,2018/16909,,AirBag,
Skoda ,Kodiaq,2016,2018/16909,,AirBag,
Skoda ,Kodiaq,2017,2018/16909,,AirBag,
Skoda ,Kodiaq,2018,2018/16909,,AirBag,
,,,,,,
Subaru ,Impreza,2004,"2015/14715, 2017/17508, 2019/17508",,AirBag,
Subaru ,Impreza,2005,"2015/14715, 2017/17508, 2019/17508",,AirBag,
Subaru ,Impreza,2006,"2015/14715, 2017/17508, 2019/17508",,AirBag,
Subaru ,Impreza,2007,"2015/14715, 2017/17508, 2019/17508",,AirBag,
Subaru ,Impreza,2008,"2015/14715, 2017/17508, 2019/17508",,AirBag,
Subaru ,Impreza,2009,"2015/14715, 2017/17508, 2019/17508",,AirBag,
Subaru ,Impreza,2010,"2015/14715, 2017/17508, 2019/17508",,AirBag,
Subaru ,Impreza,2011,"2015/14715, 2017/17508, 2019/17508",,AirBag,
Subaru ,Impreza,2012,"2015/14715, 2017/17508, 2019/17508",,AirBag,
Subaru ,Impreza,2013,"2015/14715, 2017/17508, 2019/17508",,AirBag,
Subaru ,Impreza,2014,"2015/14715, 2017/17508, 2019/17508",,AirBag,
Subaru ,Tribeca,2004,2016/15507,,AirBag,
Subaru ,Tribeca,2005,2016/15507,,AirBag,
Subaru ,Tribeca,2006,2016/15507,,AirBag,
Subaru ,Tribeca,2007,2016/15507,,AirBag,
Subaru ,Tribeca,2008,2016/15507,,AirBag,
Subaru ,Tribeca,2009,2016/15507,,AirBag,
Subaru ,Tribeca,2010,2016/15507,,AirBag,
Subaru ,Tribeca,2011,2016/15507,,AirBag,
Subaru ,Tribeca,2012,2016/15507,,AirBag,
Subaru ,Tribeca,2013,2016/15507,,AirBag,
Subaru ,Liberty,2004,2016/15507,,AirBag,
Subaru ,Liberty,2005,2016/15507,,AirBag,
Subaru ,Liberty,2006,2016/15507,,AirBag,
Subaru ,Liberty,2007,2016/15507,,AirBag,
Subaru ,Liberty,2008,2016/15507,,AirBag,
Subaru ,Liberty,2009,2016/15507,,AirBag,
Subaru ,Liberty,2010,"2016/15507, 2017/16013, 2017/17508",,AirBag,
Subaru ,Liberty,2011,"2016/15507, 2017/16013, 2017/17508",,AirBag,
Subaru ,Liberty,2012,"2016/15507, 2017/16013, 2017/17508",,AirBag,
Subaru ,Liberty,2013,"2016/15507, 2017/16013, 2017/17508",,AirBag,
Subaru ,Liberty,2014,"2017/16013, 2017/17508",,AirBag,
Subaru ,Outback,2004,2016/15507,,AirBag,
Subaru ,Outback,2005,2016/15507,,AirBag,
Subaru ,Outback,2006,2016/15507,,AirBag,
Subaru ,Outback,2007,2016/15507,,AirBag,
Subaru ,Outback,2008,2016/15507,,AirBag,
Subaru ,Outback,2009,2016/15507,,AirBag,
Subaru ,Outback,2010,"2016/15507, 2017/16013, 2017/17508",,AirBag,
Subaru ,Outback,2011,"2016/15507, 2017/16013, 2017/17508",,AirBag,
Subaru ,Outback,2012,"2016/15507, 2017/16013, 2017/17508",,AirBag,
Subaru ,Outback,2013,"2016/15507, 2017/16013, 2017/17508",,AirBag,
Subaru ,Outback,2014,"2017/16013, 2017/17508",,AirBag,
Subaru ,Forester,2008,2016/15766,,AirBag,
Subaru ,Forester,2009,"2016/15766, 2017/17508",,AirBag,
Subaru ,Forester,2010,"2016/15766, 2017/17508",,AirBag,
Subaru ,Forester,2011,"2016/15766, 2017/17508",,AirBag,
Subaru ,Forester,2012,"2016/15766, 2017/17508",,AirBag,
Subaru ,Forester,2013,2016/15766,,AirBag,
Subaru ,Forester,2014,2016/15766,,AirBag,
Subaru ,Impreza WRX,2004,2019/17508,,AirBag,
Subaru ,Impreza WRX,2005,2019/17508,,AirBag,
Subaru ,Impreza WRX,2006,2019/17508,,AirBag,
Subaru ,Impreza WRX,2007,2019/17508,,AirBag,
Subaru ,Impreza WRX,2008,"2016/15766, 2019/17508",,AirBag,
Subaru ,Impreza WRX,2009,"2016/15766, 2019/17508",,AirBag,
Subaru ,Impreza WRX,2010,"2016/15766, 2019/17508",,AirBag,
Subaru ,Impreza WRX,2011,"2016/15766, 2019/17508",,AirBag,
Subaru ,Impreza WRX,2012,"2016/15766, 2019/17508",,AirBag,
Subaru ,Impreza WRX,2013,"2016/15766, 2019/17508",,AirBag,
Subaru ,Impreza WRX,2014,"2016/15766, 2019/17508",,AirBag,
Subaru ,Impreza WRX STI,2004,2019/17508,,AirBag,
Subaru ,Impreza WRX STI,2005,2019/17508,,AirBag,
Subaru ,Impreza WRX STI,2006,2019/17508,,AirBag,
Subaru ,Impreza WRX STI,2007,2019/17508,,AirBag,
Subaru ,Impreza WRX STI,2008,"2016/15766, 2019/17508",,AirBag,
Subaru ,Impreza WRX STI,2009,"2016/15766, 2019/17508",,AirBag,
Subaru ,Impreza WRX STI,2010,"2016/15766, 2019/17508",,AirBag,
Subaru ,Impreza WRX STI,2011,"2016/15766, 2019/17508",,AirBag,
Subaru ,Impreza WRX STI,2012,"2016/15766, 2019/17508",,AirBag,
Subaru ,Impreza WRX STI,2013,"2016/15766, 2019/17508",,AirBag,
Subaru ,Impreza WRX STI,2014,"2016/15766, 2019/17508",,AirBag,
Subaru ,Exiga,2010,2017/16012,,AirBag,
Subaru ,Exiga,2011,2017/16012,,AirBag,
Subaru ,Exiga,2012,2017/16012,,AirBag,
Subaru ,Exiga,2013,2017/16012,,AirBag,
Subaru ,Exiga,2014,2017/16012,,AirBag,
Subaru ,Exiga,2015,2017/16012,,AirBag,
,,,,,,
Tesla,Model S,2014,2019/17269,,AirBag,
Tesla,Model S,2015,2019/17269,,AirBag,
Tesla,Model S,2016,2019/17269,,AirBag,
,,,,,,
Toyota,Corolla,2000,2013/13544,,AirBag,
Toyota,Corolla,2001,"2013/13544, 2019/17788",,AirBag,
Toyota,Corolla,2002,"2013/13544, 2019/17788",,AirBag,
Toyota,Corolla,2003,"2013/13544, 2015/14701, 2019/17788",,AirBag,
Toyota,Corolla,2004,"2013/13544, 2015/14701, 2019/17788",,AirBag,
Toyota,Corolla,2005,"2015/14701, 2019/17788",,AirBag,
Toyota,Corolla,2006,"2015/14701, 2016/15709, 2019/17788",,AirBag,
Toyota,Corolla,2007,"2015/14701, 2016/15709, 2019/17788",,AirBag,
Toyota,Corolla,2008,"2016/15709, 2019/17788",,AirBag,
Toyota,Corolla,2009,"2016/15709, 2019/17788",,AirBag,
Toyota,Corolla,2010,"2016/15709, 2017/16010, 2019/17788",,AirBag,
Toyota,Corolla,2011,"2016/15709, 2017/16010, 2019/17788",,AirBag,
Toyota,Corolla,2012,2017/16010,,AirBag,
Toyota,Corolla,2013,2018/16715,,AirBag,
Toyota,Avensis Verso,2000,2013/13544,,AirBag,
Toyota,Avensis Verso,2001,2013/13544,,AirBag,
Toyota,Avensis Verso,2002,2013/13544,,AirBag,
Toyota,Avensis Verso,2003,"2013/13544, 2015/14701",,AirBag,
Toyota,Avensis Verso,2004,"2013/13544, 2015/14701",,AirBag,
Toyota,Avensis Verso,2005,2015/14701,,AirBag,
Toyota,Avensis Verso,2006,"2015/14701, 2016/15709",,AirBag,
Toyota,Avensis Verso,2007,"2015/14701, 2015/14794, 2016/15709",,AirBag,
Toyota,Avensis Verso,2008,"2015/14794, 2016/15709",,AirBag,
Toyota,Avensis Verso,2009,2016/15709,,AirBag,
Toyota,Avensis Verso,2010,2016/15709,,AirBag,
Toyota,Avensis Verso,2011,2016/15709,,AirBag,
Toyota,Echo,2002,"2014/14456, 2017/16014",,AirBag,
Toyota,Echo,2003,"2014/14456, 2015/14700, 2017/16014",,AirBag,
Toyota,Echo,2004,2015/14700,,AirBag,
Toyota,Echo,2005,2015/14700,,AirBag,
Toyota,Rav 4,2002,"2014/14456, 2017/16014",,AirBag,
Toyota,Rav 4,2003,"2014/14456, 2015/14700, 2017/16014",,AirBag,
Toyota,Rav 4,2004,2015/14700,,AirBag,
Toyota,Rav 4,2005,2015/14700,,AirBag,
Toyota,Yaris,2003,2015/14701,,AirBag,
Toyota,Yaris,2004,2015/14701,,AirBag,
Toyota,Yaris,2005,2015/14701,,AirBag,
Toyota,Yaris,2006,"2015/14701, 2016/15709",,AirBag,
Toyota,Yaris,2007,"2015/14701, 2015/14794, 2016/15709",,AirBag,
Toyota,Yaris,2008,"2015/14794, 2016/15709",,AirBag,
Toyota,Yaris,2009,2016/15709,,AirBag,
Toyota,Yaris,2010,"2016/15709, 2017/16010",,AirBag,
Toyota,Yaris,2011,"2016/15709, 2017/16010",,AirBag,
Toyota,Yaris,2012,2017/16010,,AirBag,
Toyota,Yaris,2013,2018/16715,,AirBag,
Toyota,Rukus ,2010,2017/16010,,AirBag,
Toyota,Rukus ,2011,2017/16010,,AirBag,
Toyota,Rukus ,2012,2017/16010,,AirBag,
Toyota,Rukus ,2013,2018/16715,,AirBag,
Toyota,Rukus ,2014,2019/17283,,AirBag,
Toyota,Rukus ,2015,2019/17283,,AirBag,
Toyota,Rukus ,2016,2019/17283,,AirBag,
Toyota,Corolla ZZE122,2001,2018/17146,,AirBag,
Toyota,Corolla ZZE122,2002,2018/17146,,AirBag,
Toyota,Corolla ZZE122,2003,"2018/17146, 2020/18579",,AirBag,
Toyota,Corolla ZZE122,2004,"2018/17141, 2018/17146, 2020/18579",,AirBag,
Toyota,Corolla ZZE122,2005,"2018/17141, 2018/17146, 2020/18579",,AirBag,
Toyota,Corolla ZZE122,2006,"2018/17141, 2018/17146",,AirBag,
Toyota,Corolla ZZE122,2007,"2018/17141, 2018/17146",,AirBag,
Toyota,Corolla ZZE121,2001,2018/17146,,AirBag,
Toyota,Corolla ZZE121,2002,2018/17146,,AirBag,
Toyota,Corolla ZZE121,2003,2018/17146,,AirBag,
Toyota,Corolla ZZE121,2004,2018/17146,,AirBag,
Toyota,Corolla ZZE121,2005,2018/17146,,AirBag,
Toyota,Corolla ZZE121,2006,2018/17146,,AirBag,
Toyota,Corolla ZZE121,2007,2018/17146,,AirBag,
Toyota,Corolla ZZE123,2001,2018/17146,,AirBag,
Toyota,Corolla ZZE123,2002,2018/17146,,AirBag,
Toyota,Corolla ZZE123,2003,"2018/17146, 2020/18579",,AirBag,
Toyota,Corolla ZZE123,2004,"2018/17146, 2020/18579",,AirBag,
Toyota,Corolla ZZE123,2005,"2018/17146, 2020/18579",,AirBag,
Toyota,Corolla ZZE123,2006,2018/17146,,AirBag,
Toyota,Corolla ZZE123,2007,2018/17146,,AirBag,
Toyota,Avensis ACM20,2001,2018/17146,,AirBag,
Toyota,Avensis ACM20,2002,2018/17146,,AirBag,
Toyota,Avensis ACM20,2003,2018/17146,,AirBag,
Toyota,Yaris Sedan,2001,2019/17788,,AirBag,
Toyota,Yaris Sedan,2002,2019/17788,,AirBag,
Toyota,Yaris Sedan,2003,2019/17788,,AirBag,
Toyota,Yaris Sedan,2004,2019/17788,,AirBag,
Toyota,Yaris Sedan,2005,2019/17788,,AirBag,
Toyota,Yaris Sedan,2006,2019/17788,,AirBag,
Toyota,Yaris Sedan,2007,2019/17788,,AirBag,
Toyota,Yaris Sedan,2008,2019/17788,,AirBag,
Toyota,Yaris Sedan,2009,2019/17788,,AirBag,
Toyota,Yaris Sedan,2010,2019/17788,,AirBag,
Toyota,Yaris Sedan,2011,2019/17788,,AirBag,
Toyota,Yaris Sedan,2014,2019/17283,,AirBag,
Toyota,Yaris Sedan,2015,2019/17283,,AirBag,
Toyota,Yaris Sedan,2016,2019/17283,,AirBag,
Toyota,Avensis,2001,2019/17788,,AirBag,
Toyota,Avensis,2002,2019/17788,,AirBag,
Toyota,Avensis,2003,2019/17788,,AirBag,
Toyota,Avensis,2004,2019/17788,,AirBag,
Toyota,Avensis,2005,2019/17788,,AirBag,
Toyota,Avensis,2006,2019/17788,,AirBag,
Toyota,Avensis,2007,2019/17788,,AirBag,
Toyota,Avensis,2008,2019/17788,,AirBag,
Toyota,Avensis,2009,2019/17788,,AirBag,
Toyota,Avensis,2010,2019/17788,,AirBag,
Toyota,Avensis,2011,2019/17788,,AirBag,
,,,,,,
Volkswagen,Polo A4,2007,2018/16912,,AirBag,
Volkswagen,Polo A4,2008,2018/16912,,AirBag,
Volkswagen,Polo A4,2009,2018/16912,,AirBag,
Volkswagen,Polo A4,2010,2018/16912,,AirBag,
Volkswagen,Polo A4,2011,2018/16912,,AirBag,
Volkswagen,Polo A4,2012,2018/16912,,AirBag,
Volkswagen,Polo A4,2013,2018/16912,,AirBag,
Volkswagen,Polo A4,2014,2018/16912,,AirBag,
Volkswagen,Polo A4,2015,2018/16912,,AirBag,
Volkswagen,Transporter,2007,2018/16912,,AirBag,
Volkswagen,Transporter,2008,2018/16912,,AirBag,
Volkswagen,Transporter,2009,2018/16912,,AirBag,
Volkswagen,Transporter,2010,2018/16912,,AirBag,
Volkswagen,Transporter,2011,2018/16912,,AirBag,
Volkswagen,Transporter,2012,2018/16912,,AirBag,
Volkswagen,Transporter,2013,2018/16912,,AirBag,
Volkswagen,Transporter,2014,2018/16912,,AirBag,
Volkswagen,Transporter,2015,2018/16912,,AirBag,
Volkswagen,Passat CC,2009,2018/17197,,AirBag,
Volkswagen,Passat CC,2010,2018/17197,,AirBag,
Volkswagen,Passat CC,2011,2018/17197,,AirBag,
Volkswagen,Passat CC,2012,2018/17197,,AirBag,
Volkswagen,Passat CC,2013,2018/17197,,AirBag,
Volkswagen,Passat CC,2014,2018/17197,,AirBag,
Volkswagen,Passat CC,2015,2018/17197,,AirBag,
Volkswagen,Passat CC,2016,2018/17197,,AirBag,
Volkswagen,B6 Passat ,2010,2018/17197,,AirBag,
Volkswagen,MK6 Golf,2009,"2018/17197, 2019/17582",,AirBag,
Volkswagen,MK6 Golf,2010,"2018/17197, 2019/17582",,AirBag,
Volkswagen,MK6 Golf,2011,"2018/17197, 2019/17582",,AirBag,
Volkswagen,MK6 Golf,2012,"2018/17197, 2019/17582",,AirBag,
Volkswagen,MK6 Golf,2013,"2018/17197, 2019/17582",,AirBag,
Volkswagen,MK6 Golf,2014,2018/17197,,AirBag,
Volkswagen,MK6 Golf,2015,2018/17197,,AirBag,
Volkswagen,MK6 Golf,2016,2018/17197,,AirBag,
Volkswagen,MK6 Golf Cabriolet,2009,2018/17197,,AirBag,
Volkswagen,MK6 Golf Cabriolet,2010,2018/17197,,AirBag,
Volkswagen,MK6 Golf Cabriolet,2011,2018/17197,,AirBag,
Volkswagen,MK6 Golf Cabriolet,2012,2018/17197,,AirBag,
Volkswagen,MK6 Golf Cabriolet,2013,2018/17197,,AirBag,
Volkswagen,MK6 Golf Cabriolet,2014,2018/17197,,AirBag,
Volkswagen,MK6 Golf Cabriolet,2015,2018/17197,,AirBag,
Volkswagen,MK6 Golf Cabriolet,2016,2018/17197,,AirBag,
Volkswagen,B7 Passat,2011,"2019/17348, 2019/17582",,AirBag,
Volkswagen,B7 Passat,2012,"2019/17348, 2019/17582",,AirBag,
Volkswagen,B7 Passat,2013,"2019/17348, 2019/17582",,AirBag,
Volkswagen,B7 Passat,2014,"2019/17348, 2019/17582",,AirBag,
Volkswagen,B7 Passat,2015,"2019/17348, 2019/17582",,AirBag,
Volkswagen,up!,2013,2019/17347,,AirBag,
Volkswagen,up!,2014,2019/17347,,AirBag,
Volkswagen,Multivan,2008,2019/17349,,AirBag,
Volkswagen,Multivan,2009,2019/17349,,AirBag,
Volkswagen,Multivan,2010,2019/17349,,AirBag,
Volkswagen,Multivan,2011,2019/17349,,AirBag,
Volkswagen,Multivan,2012,2019/17349,,AirBag,
Volkswagen,Multivan,2013,2019/17349,,AirBag,
Volkswagen,Multivan,2014,2019/17349,,AirBag,
Volkswagen,Multivan,2015,2019/17349,,AirBag,
Volkswagen,Caravelle,2008,2019/17349,,AirBag,
Volkswagen,Caravelle,2009,2019/17349,,AirBag,
Volkswagen,Caravelle,2010,2019/17349,,AirBag,
Volkswagen,Caravelle,2011,2019/17349,,AirBag,
Volkswagen,Caravelle,2012,2019/17349,,AirBag,
Volkswagen,Caravelle,2013,2019/17349,,AirBag,
Volkswagen,Caravelle,2014,2019/17349,,AirBag,
Volkswagen,Caravelle,2015,2019/17349,,AirBag,
Volkswagen,Crafter,2006,"2019/17502, 2019/177797",,AirBag,
Volkswagen,Crafter,2007,"2019/17502, 2019/177797",,AirBag,
Volkswagen,Crafter,2008,"2019/17502, 2019/177797",,AirBag,
Volkswagen,Crafter,2009,"2019/17502, 2019/177797",,AirBag,
Volkswagen,Crafter,2010,"2019/17502, 2019/177797",,AirBag,
Volkswagen,Crafter,2011,"2019/17502, 2019/177797",,AirBag,
Volkswagen,Crafter,2012,"2019/17502, 2019/177797",,AirBag,
Volkswagen,Crafter,2013,"2019/17502, 2019/177797",,AirBag,
Volkswagen,Crafter,2014,"2019/17502, 2019/177797",,AirBag,
Volkswagen,Crafter,2015,"2019/17502, 2019/177797",,AirBag,
Volkswagen,Crafter,2016,"2019/17502, 2019/177797",,AirBag,
Volkswagen,Polo A5,2010,"2019/17531, 2019/17687",,AirBag,
Volkswagen,Polo A5,2011,"2019/17531, 2019/17687",,AirBag,
Volkswagen,Polo A5,2012,"2019/17531, 2019/17687",,AirBag,
Volkswagen,Polo A5,2013,"2019/17531, 2019/17687",,AirBag,
Volkswagen,Polo A5,2014,"2019/17531, 2019/17687",,AirBag,
Volkswagen,Cabriolet,2012,2019/17582,,AirBag,
Volkswagen,Cabriolet,2013,2019/17582,,AirBag,
Volkswagen,Cabriolet,2014,2019/17582,,AirBag,
Volkswagen,Cabriolet,2015,2019/17582,,AirBag,
Volkswagen,EOS,2010,"2019/17582, 2019/17797",,AirBag,
Volkswagen,EOS,2011,"2019/17582, 2019/17797",,AirBag,
Volkswagen,EOS,2012,"2019/17582, 2019/17797",,AirBag,
Volkswagen,EOS,2013,"2019/17582, 2019/17797",,AirBag,
Volkswagen,EOS,2014,"2019/17582, 2019/17797",,AirBag,
